type,date,side,price,size,cost,commission,balance,stop_loss,take_profit,pnl,pnl_pct,reason
entry,2025-03-11 00:15:00,BUY,2.5238,141.50996796214343,17.857142857142883,0.007142857142857153,49.99285714285714,2.4531336,2.7357992,,,
exit,2025-03-11 02:00:00,,2.5025,141.50996796214343,,0.00708257389650528,64.82875510850985,,,-3.0212448914901744,-16.918971392344954,signal_reversal
entry,2025-03-11 02:00:00,SELL,2.5025,185.03997462112167,23.15312682446785,0.00926125072978714,64.81949385778006,2.57257,2.29229,,,
exit,2025-03-11 02:15:00,,2.5238,185.03997462112167,,0.009340077758975739,84.02192914505903,,,-3.9506915371888853,-17.063317482517558,signal_reversal
entry,2025-03-11 02:15:00,BUY,2.5238,237.7988100286958,30.007831837521127,0.012003132735008451,84.00992601232403,2.4531336,2.7357992,,,
exit,2025-03-11 02:30:00,,2.5025,237.7988100286958,,0.011901830441936224,108.94074136579198,,,-5.07701648405318,-16.918971392344954,signal_reversal
entry,2025-03-11 02:30:00,SELL,2.5025,310.94831273238816,38.907407630640066,0.015562963052256027,108.92517840273972,2.57257,2.29229,,,
exit,2025-03-11 05:15:00,,2.5238,310.94831273238816,,0.015695427033480026,141.1936915451464,,,-6.638894488233378,-17.06331748251756,signal_reversal
entry,2025-03-11 05:15:00,BUY,2.5238,399.6062953402086,50.42631840898092,0.02017052736359237,141.1735210177828,2.4531336,2.7357992,,,
exit,2025-03-11 08:30:00,,2.5025,399.6062953402086,,0.02000029508177744,183.06822504093546,,,-8.53161438582826,-16.918971392344957,signal_reversal
entry,2025-03-11 08:30:00,SELL,2.5025,522.5295420035275,65.38150894319138,0.026152603577276553,183.04207243735817,2.57257,2.29229,,,
exit,2025-03-11 09:00:00,,2.5238,522.5295420035275,,0.02637520116217005,237.2673269347122,,,-11.156254445837355,-17.063317482517558,signal_reversal
entry,2025-03-11 09:00:00,BUY,2.5238,671.5138366598908,84.73833104811162,0.033895332419244646,237.23343160229297,2.4531336,2.7357992,,,
exit,2025-03-11 10:15:00,,2.5024,671.5138366598908,,0.03360792449715422,307.56775862138585,,,-14.404004029018726,-16.99821538949193,signal_reversal
entry,2025-03-11 10:15:00,SELL,2.5024,877.9222193020012,109.84562807906639,0.043938251231626556,307.5238203701542,2.5724672,2.2921984,,,
exit,2025-03-11 10:30:00,,2.5238,877.9222193020012,,0.04431400194148781,398.53759895421643,,,-18.831849495004192,-17.14392263427099,signal_reversal
entry,2025-03-11 10:30:00,BUY,2.5238,1127.9408571944148,142.3348567693632,0.05693394270774528,398.4806650115087,2.4531336,2.7357992,,,
exit,2025-03-11 11:15:00,,2.5024,1127.9408571944148,,0.056451184020866074,516.6211362528907,,,-24.194385527981186,-16.99821538949193,signal_reversal
entry,2025-03-11 11:15:00,SELL,2.5024,1474.6447303528346,184.50754866174668,0.07380301946469868,516.547333233426,2.5724672,2.2921984,,,
exit,2025-03-11 16:15:00,,2.5238,1474.6447303528346,,0.07443416740928968,669.4230504982129,,,-31.63183139695975,-17.14392263427099,signal_reversal
entry,2025-03-11 16:15:00,BUY,2.5238,1894.6006885824486,239.07966089221918,0.09563186435688768,669.327418633856,2.4531336,2.7357992,,,
exit,2025-03-11 19:15:00,,2.5024,1894.6006885824486,,0.0948209752621744,867.7678038151489,,,-40.63927571092631,-16.99821538949193,signal_reversal
entry,2025-03-11 19:15:00,SELL,2.5024,2476.958701975101,309.91707279112467,0.12396682911644988,867.6438369860325,2.5724672,2.2921984,,,
exit,2025-03-11 20:15:00,,2.5238,2476.958701975101,,0.12502696744089523,1124.4289665874494,,,-53.13194318970772,-17.14392263427099,signal_reversal
entry,2025-03-11 20:15:00,BUY,2.5238,3182.35814074992,401.5817737812324,0.16063270951249298,1124.2683338779368,2.4531336,2.7357992,,,
exit,2025-03-11 22:30:00,,2.5024,3182.35814074992,,0.15927066022825204,1457.5883727868932,,,-68.26173487227611,-16.99821538949193,signal_reversal
entry,2025-03-11 22:30:00,SELL,2.5024,4160.5440856403375,520.567275995319,0.20822691039812763,1457.3801458764951,2.5724672,2.2921984,,,
exit,2025-03-12 00:30:00,,2.5238,4160.5440856403375,,0.21000762326678168,1888.7017708158446,,,-89.24565105596943,-17.14392263427099,signal_reversal
entry,2025-03-12 00:30:00,BUY,2.5238,5345.402541563875,674.5363467199454,0.26981453868797817,1888.4319562771566,2.4531336,2.7357992,,,
exit,2025-03-12 01:00:00,,2.5024,5345.402541563875,,0.2675267064001889,2448.3091619012357,,,-114.65914109586639,-16.99821538949193,signal_reversal
entry,2025-03-12 01:00:00,SELL,2.5024,6988.4601122957265,874.3961292504413,0.34975845170017655,2447.9594034495353,2.5724672,2.2921984,,,
exit,2025-03-12 01:15:00,,2.5238,6988.4601122957265,,0.3527495126282391,3172.449736784221,,,-149.90579591575582,-17.14392263427099,signal_reversal
entry,2025-03-12 01:15:00,BUY,2.5238,8978.66521227691,1133.0177631372233,0.45320710525488933,3171.996529678966,2.4531336,2.7357992,,,
exit,2025-03-12 01:30:00,,2.5025,8978.66521227691,,0.4493821938744594,4113.319341600816,,,-191.69495121537352,-16.918971392344957,signal_reversal
entry,2025-03-12 01:30:00,SELL,2.5025,11740.60037562673,1469.0426220002944,0.5876170488001178,4112.731724552016,2.57257,2.29229,,,
exit,2025-03-12 02:15:00,,2.5238,11740.60037562673,,0.5926185445601349,5331.1069400069,,,-250.6674065454106,-17.06331748251756,signal_reversal
entry,2025-03-12 02:15:00,BUY,2.5238,15088.09544566274,1903.9667642881814,0.7615867057152725,5330.345353301184,2.4531336,2.7357992,,,
exit,2025-03-12 02:30:00,,2.5024,15088.09544566274,,0.7551290008645289,6910.671746051321,,,-323.64037153804514,-16.99821538949193,signal_reversal
entry,2025-03-12 02:30:00,SELL,2.5024,19725.839611262676,2468.097052161186,0.9872388208644746,6909.684507230457,2.5724672,2.2921984,,,
exit,2025-03-12 02:45:00,,2.5238,19725.839611262676,,0.9956814802180949,8954.652910230407,,,-423.12864916123664,-17.14392263427099,signal_reversal
entry,2025-03-12 02:45:00,BUY,2.5238,25343.452928776387,3198.0903250822926,1.2792361300329171,8953.373674100374,2.4531336,2.7357992,,,
exit,2025-03-12 04:00:00,,2.5024,25343.452928776387,,1.268389132179401,11607.845717374676,,,-543.6182818079907,-16.99821538949193,signal_reversal
entry,2025-03-12 04:00:00,SELL,2.5024,33133.46535147594,4145.65918477667,1.6582636739106682,11606.187453700764,2.5724672,2.2921984,,,
exit,2025-03-12 04:30:00,,2.5238,33133.46535147594,,1.6724447970810994,15041.118035158772,,,-710.7286033186617,-17.14392263427099,signal_reversal
entry,2025-03-12 04:30:00,BUY,2.5238,42569.36262540271,5371.827869699568,2.148731147879827,15038.969304010892,2.4531336,2.7357992,,,
exit,2025-03-12 05:45:00,,2.5024,42569.36262540271,,2.1305114606761553,19497.682302066172,,,-913.1148716442884,-16.99821538949193,signal_reversal
entry,2025-03-12 05:45:00,SELL,2.5024,55654.23565396127,6963.457965023634,2.7853831860094536,19494.896918880164,2.5724672,2.2921984,,,
exit,2025-03-12 06:15:00,,2.5238,55654.23565396127,,2.809203198869349,25264.545037710166,,,-1193.809846193633,-17.143922634270993,signal_reversal
entry,2025-03-12 06:15:00,BUY,2.5238,71503.69917728992,9023.051799182216,3.6092207196728867,25260.93581699049,2.4531336,2.7357992,,,
exit,2025-03-12 09:15:00,,2.5024,71503.69917728992,,3.5786171364250063,32750.229836642287,,,-1533.7577795304196,-16.99821538949193,signal_reversal
entry,2025-03-12 09:15:00,SELL,2.5024,93482.34219903834,11696.510655943677,4.678604262377471,32745.55123237991,2.5724672,2.2921984,,,
exit,2025-03-12 10:15:00,,2.5239,93482.34219903834,,4.718801669523057,42427.47272937477,,,-2014.5891589488128,-17.223847506393568,signal_reversal
entry,2025-03-12 10:15:00,BUY,2.5239,120073.44848781265,15152.668831919518,6.061067532767807,42421.411661842,2.4532307999999996,2.7359076,,,
exit,2025-03-12 10:30:00,,2.5024,120073.44848781265,,6.009435949918048,54986.49191532367,,,-2587.5885784378456,-17.076784341693116,signal_reversal
entry,2025-03-12 10:30:00,SELL,2.5024,156953.5871715258,19638.03282690131,7.855213130760525,54978.63670219291,2.5724672,2.2921984,,,
exit,2025-03-12 11:00:00,,2.5239,156953.5871715258,,7.92270317324428,71234.24470173323,,,-3382.4248273609915,-17.223847506393568,signal_reversal
entry,2025-03-12 11:00:00,BUY,2.5239,201599.12579096132,25440.80167919036,10.176320671676145,71224.06838106156,2.4532307999999996,2.7359076,,,
exit,2025-03-12 11:30:00,,2.5024,201599.12579096132,,10.089633047586034,92320.39922269873,,,-4344.47083755318,-17.07678434169312,signal_reversal
entry,2025-03-12 11:30:00,SELL,2.5024,263519.5904009258,32971.571150963835,13.188628460385535,92307.21059423835,2.5724672,2.2921984,,,
exit,2025-03-12 11:45:00,,2.5239,263519.5904009258,,13.30194188425793,119599.80860969811,,,-5678.973135504065,-17.223847506393568,signal_reversal
entry,2025-03-12 11:45:00,BUY,2.5239,338477.89025402226,42714.21736060634,17.085686944242536,119582.72292275388,2.4532307999999996,2.7359076,,,
exit,2025-03-12 12:00:00,,2.5024,338477.89025402226,,16.94014145143331,155002.72550144742,,,-7294.214781912787,-17.07678434169312,signal_reversal
entry,2025-03-12 12:00:00,SELL,2.5024,442440.1874242083,55358.11625051695,22.143246500206782,154980.58225494722,2.5724672,2.2921984,,,
exit,2025-03-12 12:15:00,,2.5239,442440.1874242083,,22.33349578079919,200803.90098006307,,,-9534.797525401114,-17.223847506393568,signal_reversal
entry,2025-03-12 12:15:00,BUY,2.5239,568292.554550108,71715.67892145088,28.686271568580352,200775.2147084945,2.4532307999999996,2.7359076,,,
exit,2025-03-12 13:00:00,,2.5024,568292.554550108,,28.44190577012381,260244.16180134812,,,-12246.731828597236,-17.07678434169312,signal_reversal
entry,2025-03-12 13:00:00,SELL,2.5024,742841.6200486051,92944.34350048148,37.1777374001926,260206.98406394792,2.5724672,2.2921984,,,
exit,2025-03-12 13:15:00,,2.5239,742841.6200486051,,37.497159296813486,337142.7355740878,,,-16008.59199034155,-17.223847506393568,signal_reversal
entry,2025-03-12 13:15:00,BUY,2.5239,954143.3483726627,120408.11984788816,48.16324793915526,337094.5723261487,2.4532307999999996,2.7359076,,,
exit,2025-03-12 13:30:00,,2.5024,954143.3483726627,,47.75296629935502,436940.8572177256,,,-20561.83495631125,-17.07678434169312,signal_reversal
entry,2025-03-12 13:30:00,SELL,2.5024,1247205.132266526,156050.30614918776,62.420122459675106,436878.43709526595,2.5724672,2.2921984,,,
exit,2025-03-12 15:00:00,,2.5238,1247205.132266526,,62.95392625628517,566175.599487694,,,-26753.143756759775,-17.14392263427099,signal_reversal
entry,2025-03-12 15:00:00,BUY,2.5238,1602389.8188890188,202205.5712456053,80.88222849824213,566094.7172591957,2.4531336,2.7357992,,,
exit,2025-03-12 17:15:00,,2.5025,1602389.8188890188,,80.19961043539539,734089.1857520294,,,-34211.10275277165,-16.918971392344954,signal_reversal
entry,2025-03-12 17:15:00,SELL,2.5025,2095302.3712060254,262174.7091971539,104.86988367886157,733984.3158683506,2.57257,2.29229,,,
exit,2025-03-12 19:00:00,,2.5238,2095302.3712060254,,105.76248248899536,951423.3220763269,,,-44735.70298917754,-17.063317482517558,signal_reversal
entry,2025-03-12 19:00:00,BUY,2.5238,2692717.6765091424,339794.0435986887,135.91761743947546,951287.4044588874,2.4531336,2.7357992,,,
exit,2025-03-12 19:45:00,,2.5025,2692717.6765091424,,134.77051970928258,1233591.7910282218,,,-57489.657029354275,-16.918971392344954,signal_reversal
entry,2025-03-12 19:45:00,SELL,2.5025,3521026.9474189365,440568.49679579446,176.2273987183178,1233415.5636295036,2.57257,2.29229,,,
exit,2025-03-12 20:15:00,,2.5238,3521026.9474189365,,177.72735619791825,1598808.4590890764,,,-75175.60133622162,-17.06331748251756,signal_reversal
entry,2025-03-12 20:15:00,BUY,2.5238,4524946.676465983,571003.0211032423,228.40120844129692,1598580.0578806351,2.4531336,2.7357992,,,
exit,2025-03-12 21:00:00,,2.5025,4524946.676465983,,226.47358115712248,2072975.2411939944,,,-96607.83778988298,-16.918971392344954,signal_reversal
entry,2025-03-12 21:00:00,SELL,2.5025,5916869.533877548,740348.3004264281,296.13932017057124,2072679.101873824,2.57257,2.29229,,,
exit,2025-03-12 21:30:00,,2.5238,5916869.533877548,,298.65990659200315,2686699.4213220677,,,-126327.98097818434,-17.063317482517558,signal_reversal
entry,2025-03-12 21:30:00,BUY,2.5238,7603894.9807039015,959535.5076150254,383.81420304601016,2686315.607119022,2.4531336,2.7357992,,,
exit,2025-03-12 21:45:00,,2.5025,7603894.9807039015,,380.5749437842303,3483507.5767012695,,,-162343.53803277804,-16.91897139234495,signal_reversal
entry,2025-03-12 21:45:00,SELL,2.5025,9942935.854720356,1244109.8488218845,497.64393952875383,3483009.932761741,2.57257,2.29229,,,
exit,2025-03-12 22:30:00,,2.5238,9942935.854720356,,501.8796302028647,4514833.368247878,,,-212286.4133357474,-17.063317482517558,signal_reversal
entry,2025-03-12 22:30:00,BUY,2.5238,12777878.505903468,1612440.4886599586,644.9761954639835,4514188.392052414,2.4531336,2.7357992,,,
exit,2025-03-12 23:45:00,,2.5025,12777878.505903468,,639.5328192204686,5853820.535717407,,,-272808.34499496553,-16.91897139234495,signal_reversal
entry,2025-03-12 23:45:00,SELL,2.5025,16708493.037583616,2090650.1913276496,836.2600765310599,5852984.275640876,2.57257,2.29229,,,
exit,2025-03-13 00:00:00,,2.5238,16708493.037583616,,843.3778945650706,7586900.187373428,,,-356734.2795950977,-17.06331748251756,signal_reversal
entry,2025-03-13 00:00:00,BUY,2.5238,21472440.048943877,2709607.209776228,1083.842883910491,7585816.344489518,2.4531336,2.7357992,,,
exit,2025-03-13 01:00:00,,2.5025,21472440.048943877,,1074.695624449641,9836985.88559879,,,-458437.6686669563,-16.918971392344954,signal_reversal
entry,2025-03-13 01:00:00,SELL,2.5025,28077596.362491254,3513209.244856718,1405.2836979426872,9835580.601900848,2.57257,2.29229,,,
exit,2025-03-13 01:30:00,,2.5239,28077596.362491254,,1417.3009091858335,12746511.98369107,,,-602277.8630664948,-17.14323916083905,signal_reversal
entry,2025-03-13 01:30:00,BUY,2.5239,36073740.7065342,4552325.708461083,1820.930283384433,12744691.053407686,2.4532307999999996,2.7359076,,,
exit,2025-03-13 02:15:00,,2.5025,36073740.7065342,,1805.4907223620366,16523233.220026579,,,-773783.541842189,-16.99754348429008,signal_reversal
entry,2025-03-13 02:15:00,SELL,2.5025,47162075.6958088,5901154.721438075,2360.46188857523,16520872.758138003,2.57257,2.29229,,,
exit,2025-03-13 02:45:00,,2.5239,47162075.6958088,,2380.6472569730363,21410378.412428804,,,-1011649.067147275,-17.143239160839055,signal_reversal
entry,2025-03-13 02:45:00,BUY,2.5239,60593238.390780546,7646563.718724551,3058.6254874898204,21407319.786941312,2.4532307999999996,2.7359076,,,
exit,2025-03-13 04:45:00,,2.5025,60593238.390780546,,3032.6915814585664,27754155.51252171,,,-1299727.9931441539,-16.997543484290077,signal_reversal
entry,2025-03-13 04:45:00,SELL,2.5025,79218368.80982381,9912198.397329204,3964.8793589316815,27750190.633162778,2.57257,2.29229,,,
exit,2025-03-13 06:00:00,,2.5239,79218368.80982381,,3998.7848207822863,35963117.15314098,,,-1699271.877351001,-17.14323916083905,signal_reversal
entry,2025-03-13 06:00:00,BUY,2.5239,101778758.36472146,12843970.411836024,5137.58816473441,35957979.564976245,2.4532307999999996,2.7359076,,,
exit,2025-03-13 06:15:00,,2.5025,101778758.36472146,,5094.02685615431,46618790.52095109,,,-2183159.4558611796,-16.997543484290077,signal_reversal
entry,2025-03-13 06:15:00,SELL,2.5025,133063480.86471012,16649568.043196853,6659.827217278742,46612130.69373381,2.57257,2.29229,,,
exit,2025-03-13 06:30:00,,2.5239,133063480.86471012,,6716.778387088839,60407423.4680388,,,-2854275.2688918673,-17.14323916083905,signal_reversal
entry,2025-03-13 06:30:00,BUY,2.5239,170958277.3486572,21574079.810013793,8629.631924005518,60398793.836114794,2.4532307999999996,2.7359076,,,
exit,2025-03-13 07:45:00,,2.5025,170958277.3486572,,8556.461781300291,78305810.04908605,,,-3667063.5970425406,-16.997543484290077,signal_reversal
entry,2025-03-13 07:45:00,SELL,2.5025,223507378.47605598,27966360.731816508,11186.544292726603,78294623.50479332,2.57257,2.29229,,,
exit,2025-03-13 08:00:00,,2.5239,223507378.47605598,,11282.205450714353,101466644.13177153,,,-4794340.104838282,-17.143239160839048,signal_reversal
entry,2025-03-13 08:00:00,BUY,2.5239,287159453.1472586,36238087.189918295,14495.234875967319,101452148.89689557,2.4532307999999996,2.7359076,,,
exit,2025-03-13 08:30:00,,2.5025,287159453.1472586,,14372.330630020291,131530651.45883256,,,-6159584.627981314,-16.997543484290077,signal_reversal
entry,2025-03-13 08:30:00,SELL,2.5025,375426434.87607497,46975232.66386888,18790.093065547553,131511861.36576702,2.57257,2.29229,,,
exit,2025-03-13 08:45:00,,2.5239,375426434.87607497,,18950.77557967451,170434017.54770827,,,-8053076.481927628,-17.14323916083905,signal_reversal
entry,2025-03-13 08:45:00,BUY,2.5239,482343135.4754484,60869291.98132421,24347.716792529685,170409669.83091575,2.4532307999999996,2.7359076,,,
exit,2025-03-13 10:00:00,,2.5025,482343135.4754484,,24141.273930546195,220932677.4391349,,,-10346284.373105077,-16.997543484290077,signal_reversal
entry,2025-03-13 10:00:00,SELL,2.5025,630605615.6390334,78904527.65683405,31561.81106273362,220901115.62807217,2.57257,2.29229,,,
exit,2025-03-13 11:45:00,,2.5205,630605615.6390334,,31788.829084363682,288422953.3743191,,,-11382689.910587115,-14.425902097902288,signal_reversal
entry,2025-03-13 11:45:00,BUY,2.5205,817363202.8064685,103008197.6336852,41203.279053474085,288381750.0952656,2.449926,2.7322220000000006,,,
exit,2025-03-13 13:15:00,,2.5024,817363202.8064685,,40907.393574058144,376554766.3645797,,,-14835181.364371143,-14.401942471731804,signal_reversal
entry,2025-03-13 13:15:00,SELL,2.5024,1074838915.6826012,134483845.13020706,53793.538052082826,376500972.8265276,2.5724672,2.2921984,,,
exit,2025-03-13 15:00:00,,2.524,1074838915.6826012,,54257.868463657716,487714039.50952697,,,-23270778.447207674,-17.3037723785165,signal_reversal
entry,2025-03-13 15:00:00,BUY,2.524,1380218585.8884044,174183585.53911662,69673.43421564664,487644366.0753113,2.453328,2.7360160000000002,,,
exit,2025-03-13 21:30:00,,2.5023,1380218585.8884044,,69074.41934937108,631808133.8813001,,,-30019817.73312782,-17.234584786053926,signal_reversal
entry,2025-03-13 21:30:00,SELL,2.5023,1803506870.4828668,225645762.10046387,90258.30484018555,631717875.5764599,2.5723644,2.2921068,,,
exit,2025-03-13 22:45:00,,2.524,1803506870.4828668,,91041.02682197512,818136497.5606234,,,-39227140.116300285,-17.384390360868046,signal_reversal
entry,2025-03-13 22:45:00,BUY,2.524,2315305913.4045243,292191606.27165097,116876.6425086604,818019620.9181148,2.453328,2.7360160000000002,,,
exit,2025-03-14 00:00:00,,2.5023,2315305913.4045243,,115871.79974224285,1059853217.0691452,,,-50358010.12062054,-17.234584786053926,signal_reversal
entry,2025-03-14 00:00:00,SELL,2.5023,3025368709.556189,378519006.0961226,151407.60243844904,1059701809.4667068,2.5723644,2.2921068,,,
exit,2025-03-14 00:45:00,,2.524,3025368709.556189,,152720.6124583964,1372417593.9530015,,,-65803221.609827854,-17.38439036086804,signal_reversal
entry,2025-03-14 00:45:00,BUY,2.524,3883907612.5000005,490149140.69750005,196059.65627900002,1372221534.2967224,2.453328,2.7360160000000002,,,
exit,2025-03-14 06:15:00,,2.5023,3883907612.5000005,,194374.04037517504,1777895505.762597,,,-84475169.2316254,-17.234584786053926,signal_reversal
entry,2025-03-14 06:15:00,SELL,2.5023,5075032415.213985,634962680.6294978,253985.0722517991,1777641520.6903453,2.5723644,2.2921068,,,
exit,2025-03-14 08:45:00,,2.524,5075032415.213985,,256187.636320002,2302219810.2733793,,,-110384391.04646374,-17.384390360868043,signal_reversal
entry,2025-03-14 08:45:00,BUY,2.524,6515224729.096042,822221360.8119204,328888.5443247682,2301890921.7290545,2.453328,2.7360160000000002,,,
exit,2025-03-14 12:00:00,,2.5022,6515224729.096042,,326047.9063428824,2981754335.5403395,,,-142357947.00063542,-17.313822503961823,signal_reversal
entry,2025-03-14 12:00:00,SELL,2.5022,8511807710.758326,1064912262.6929743,425964.90507718973,2981328370.6352625,2.5722616000000005,2.2920152000000003,,,
exit,2025-03-14 12:30:00,,2.524,8511807710.758326,,429676.05323908024,3860253549.1804676,,,-185987084.14776903,-17.4650147869873,signal_reversal
entry,2025-03-14 12:30:00,BUY,2.524,10924421409.27231,1378661981.8501656,551464.7927400663,3859702084.3877277,2.453328,2.7360160000000002,,,
exit,2025-03-14 12:45:00,,2.5022,10924421409.27231,,546701.7450056236,4999664977.770754,,,-238699088.46714002,-17.31382250396182,signal_reversal
entry,2025-03-14 12:45:00,SELL,2.5022,14272197545.50491,1785594634.9181194,714237.8539672478,4998950739.916786,2.5722616000000005,2.2920152000000003,,,
exit,2025-03-14 14:00:00,,2.524,14272197545.50491,,720460.5320970879,6472691007.810804,,,-311854367.02410156,-17.465014786987307,signal_reversal
entry,2025-03-14 14:00:00,BUY,2.524,18317554357.626213,2311675359.932428,924670.1439729712,6471766337.666831,2.453328,2.7360160000000002,,,
exit,2025-03-14 15:15:00,,2.5023,18317554357.626213,,916720.3253817616,8385034047.7133875,,,-398407649.8858715,-17.234584786053926,signal_reversal
entry,2025-03-14 15:15:00,SELL,2.5023,23935219734.16848,2994655017.040489,1197862.0068161958,8383836185.706572,2.5723644,2.2921068,,,
exit,2025-03-14 16:15:00,,2.524,23935219734.16848,,1208249.892180825,10857888684.623423,,,-520602518.1236381,-17.384390360868043,signal_reversal
entry,2025-03-14 16:15:00,BUY,2.524,30727554575.003998,3877817387.3655043,1551126.9549462018,10856337557.668476,2.453328,2.7360160000000002,,,
exit,2025-03-14 18:15:00,,2.5024,30727554575.003998,,1537852.6513698003,14068901913.562529,,,-665253031.4714513,-17.155347068145677,signal_reversal
entry,2025-03-14 18:15:00,SELL,2.5024,40158310631.97197,5024607826.272333,2009843.1305089334,14066892070.43202,2.5724672,2.2921984,,,
exit,2025-03-14 22:30:00,,2.524,40158310631.97197,,2027191.5207019453,18222053195.533062,,,-869446701.1712902,-17.303772378516495,signal_reversal
entry,2025-03-14 22:30:00,BUY,2.524,51567956745.33916,6507876141.261802,2603150.4565047207,18219450045.076557,2.453328,2.7360160000000002,,,
exit,2025-03-15 00:30:00,,2.5023,51567956745.33916,,2580769.9632772435,23605720755.00122,,,-1121605431.3371398,-17.234584786053926,signal_reversal
entry,2025-03-15 00:30:00,SELL,2.5023,67382924152.64007,8430614555.357562,3372245.8221430248,23602348509.179077,2.5723644,2.2921068,,,
exit,2025-03-15 00:45:00,,2.523,67382924152.64007,,3400142.3527422184,30634736392.224236,,,-1398226672.3124025,-16.585109699076977,signal_reversal
entry,2025-03-15 00:45:00,BUY,2.523,86729903154.47644,10940977282.937204,4376390.913174882,30630360001.31106,2.452356,2.734932,,,
exit,2025-03-15 02:15:00,,2.5023,86729903154.47644,,4340484.733268928,39771687804.21732,,,-1799649480.0309453,-16.44870868014281,signal_reversal
entry,2025-03-15 02:15:00,SELL,2.5023,113528947095.0076,14204174215.791876,5681669.686316751,39766006134.531006,2.5723644,2.2921068,,,
exit,2025-03-15 04:30:00,,2.5168,113528947095.0076,,5714593.080974302,52318296024.3643,,,-1651884325.9585798,-11.629569595971672,signal_reversal
entry,2025-03-15 04:30:00,BUY,2.5168,148483039756.73267,18685105722.987236,7474042.289194895,52310821982.07511,2.4463296,2.7282112,,,
exit,2025-03-15 04:45:00,,2.5023,148483039756.73267,,7430982.207665443,68835492646.38206,,,-2160435058.6802826,-11.56233788938331,signal_reversal
entry,2025-03-15 04:45:00,SELL,2.5023,196492063434.16037,24584104516.564976,9833641.80662599,68825659004.57544,2.5723644,2.2921068,,,
exit,2025-03-15 05:00:00,,2.5168,196492063434.16037,,9890624.505021896,90550737976.84007,,,-2859025544.300339,-11.629569595971672,signal_reversal
entry,2025-03-15 05:00:00,BUY,2.5168,256989425281.65024,32339549277.442863,12935819.710977146,90537802157.12909,2.4463296,2.7282112,,,
exit,2025-03-15 05:15:00,,2.5023,256989425281.65024,,12861292.777645469,119138143475.21039,,,-3739207959.361563,-11.562337889383311,signal_reversal
entry,2025-03-15 05:15:00,SELL,2.5023,340081820368.7183,42549336955.43219,17019734.782172877,119121123740.42822,2.5723644,2.2921068,,,
exit,2025-03-15 07:00:00,,2.524,340081820368.7183,,17167330.2922129,154273517863.567,,,-7396942832.293418,-17.384390360868043,signal_reversal
entry,2025-03-15 07:00:00,BUY,2.524,436590213560.01483,55097684951.27388,22039073.980509553,154251478789.5865,2.453328,2.7360160000000002,,,
exit,2025-03-15 09:15:00,,2.5023,436590213560.01483,,21849593.827824503,199853306512.7802,,,-9495857228.080168,-17.23458478605392,signal_reversal
entry,2025-03-15 09:15:00,SELL,2.5023,570484601346.1326,71376180897.42137,28550472.35896855,199824756040.42123,2.5723644,2.2921068,,,
exit,2025-03-15 09:45:00,,2.5241,570484601346.1326,,28799203.645155463,258735573424.85187,,,-12465363512.990742,-17.464318427046972,signal_reversal
entry,2025-03-15 09:45:00,BUY,2.5241,732186220335.543,92405561937.44719,36962224.774978876,258698611200.07687,2.4534252,2.7361244,,,
exit,2025-03-15 10:15:00,,2.5023,732186220335.543,,36642991.58291259,335105870542.62646,,,-15998302594.897617,-17.31313814825072,signal_reversal
entry,2025-03-15 10:15:00,SELL,2.5023,956565304327.5211,119680668050.93779,47872267.22037512,335057998275.40607,2.5723644,2.2921068,,,
exit,2025-03-15 10:30:00,,2.5241,956565304327.5211,,48289329.69306192,433837253362.31104,,,-20901412964.03285,-17.464318427046972,signal_reversal
entry,2025-03-15 10:30:00,BUY,2.5241,1227699981782.2239,154941876200.82556,61976750.48033023,433775276611.8307,2.4534252,2.7361244,,,
exit,2025-03-15 13:15:00,,2.5022,1227699981782.2239,,61439017.88830962,561769084193.7378,,,-26948068618.918503,-17.392372726912235,signal_reversal
entry,2025-03-15 13:15:00,SELL,2.5022,1603643320146.0874,200631815783.477,80252726.3133908,561688831467.4244,2.5722616000000005,2.2920152000000003,,,
exit,2025-03-15 17:30:00,,2.5241,1603643320146.0874,,80955122.08761477,727119903417.6152,,,-35200743833.28627,-17.54494604747789,signal_reversal
entry,2025-03-15 17:30:00,BUY,2.5241,2057649695273.608,259685679792.00568,103874271.91680227,727016029145.6985,2.4534252,2.7361244,,,
exit,2025-03-15 20:45:00,,2.5022,2057649695273.608,,102973021.35027245,941536207589.8628,,,-45165501347.84144,-17.392372726912235,signal_reversal
entry,2025-03-15 20:45:00,SELL,2.5022,2687738240605.008,336262931282.0926,134505172.51283705,941401702417.35,2.5722616000000005,2.2920152000000003,,,
exit,2025-03-16 01:45:00,,2.5247,2687738240605.008,,135714654.72110927,1217054808631.109,,,-60609825068.33369,-18.024533610422797,signal_reversal
entry,2025-03-16 01:45:00,BUY,2.5247,3443279848330.239,434662431653.9677,173864972.6615871,1216880943658.4473,2.4540084,2.7367748000000005,,,
exit,2025-03-16 04:30:00,,2.5022,3443279848330.239,,172315496.7298385,1573897263228.255,,,-77646112084.1601,-17.863543391293987,signal_reversal
entry,2025-03-16 04:30:00,SELL,2.5022,4492895575402.928,562106165438.6604,224842466.17546418,1573672420762.0793,2.5722616000000005,2.2920152000000003,,,
exit,2025-03-16 07:15:00,,2.5247,4492895575402.928,,226864269.18439543,2034461571484.9897,,,-101317014715.75012,-18.0245336104228,signal_reversal
entry,2025-03-16 07:15:00,BUY,2.5247,5755879260011.064,726593418387.4968,290637367.35499877,2034170934117.6348,2.4540084,2.7367748000000005,,,
exit,2025-03-16 08:15:00,,2.5022,5755879260011.064,,288047221.68799376,2630969021933.195,,,-129795330571.93674,-17.863543391293984,signal_reversal
entry,2025-03-16 08:15:00,SELL,2.5022,7510445156642.681,939631793547.5658,375852717.4190263,2630593169215.776,2.5722616000000005,2.2920152000000003,,,
exit,2025-03-16 12:00:00,,2.5248,7510445156642.681,,379247438.6298288,3400109654784.5894,,,-170115307978.75238,-18.10446487091338,signal_reversal
entry,2025-03-16 12:00:00,BUY,2.5248,9619176780012.494,1214324876708.777,485729950.68351084,3399623924833.906,2.4541055999999997,2.7368832000000003,,,
exit,2025-03-16 14:00:00,,2.502,9619176780012.494,,481343606.0718252,4394150227352.3247,,,-219798574190.3582,-18.10047528517123,signal_reversal
entry,2025-03-16 14:00:00,SELL,2.502,12544679191938.785,1569339366911.5417,627735746.7646167,4393522491605.56,2.572056,2.291832,,,
exit,2025-03-16 15:00:00,,2.5248,12544679191938.785,,633456120.4761409,5676209716820.42,,,-286652141696.6824,-18.265784172662,signal_reversal
entry,2025-03-16 15:00:00,BUY,2.5248,16058442300437.938,2027217756007.2852,810887102.402914,5675398829718.017,2.4541055999999997,2.7368832000000003,,,
exit,2025-03-16 15:15:00,,2.502,16058442300437.938,,803564452.7139144,7335680536822.601,,,-366936048902.70135,-18.100475285171225,signal_reversal
entry,2025-03-16 15:15:00,SELL,2.502,20942333381359.453,2619885906008.0674,1047954362.403227,7334632582460.197,2.572056,2.291832,,,
exit,2025-03-16 15:30:00,,2.5248,20942333381359.453,,1057504066.425127,9475975783306.84,,,-478542705161.4238,-18.26578417266199,signal_reversal
entry,2025-03-16 15:30:00,BUY,2.5248,26808278401986.027,3384277065466.716,1353710826.1866863,9474622072480.652,2.4541055999999997,2.7368832000000003,,,
exit,2025-03-16 17:30:00,,2.502,26808278401986.027,,1341486251.2353806,12246328904130.848,,,-612570233816.5209,-18.100475285171225,signal_reversal
entry,2025-03-16 17:30:00,SELL,2.502,34961541921122.605,4373688894332.4375,1749475557.732975,12244579428573.115,2.572056,2.291832,,,
exit,2025-03-16 21:30:00,,2.5248,34961541921122.605,,1765418020.8490071,15819379749083.104,,,-798888573822.4498,-18.265784172662,signal_reversal
entry,2025-03-16 21:30:00,BUY,2.5248,44754265540362.586,5649778481815.373,2259911392.7261496,15817119837690.377,2.4541055999999997,2.7368832000000003,,,
exit,2025-03-16 23:30:00,,2.502,44754265540362.586,,2239503447.639744,20444261561737.836,,,-1022636757767.9136,-18.100475285171225,signal_reversal
entry,2025-03-16 23:30:00,SELL,2.502,58365483503876.336,7301521986334.93,2920608794.533972,20441340952943.3,2.572056,2.291832,,,
exit,2025-03-17 02:30:00,,2.5249,58365483503876.336,,2947340185.978748,26403346026853.46,,,-1339516912424.768,-18.345721822542256,signal_reversal
entry,2025-03-17 02:30:00,BUY,2.5249,74694177497421.16,9429766438161.934,3771906575.264774,26399574120278.195,2.4542028,2.7369916000000005,,,
exit,2025-03-17 02:45:00,,2.5019,74694177497421.16,,3737547253.61596,34107636928745.816,,,-1721703629694.3125,-18.25817893777982,signal_reversal
entry,2025-03-17 02:45:00,SELL,2.5019,97376385172256.78,12181298903123.463,4872519561.249386,34102764409184.566,2.5719532000000003,2.2917404,,,
exit,2025-03-17 03:00:00,,2.5249,97376385172256.78,,4917312698.428623,44039489140647.68,,,-2244574171660.3477,-18.426394340301478,signal_reversal
entry,2025-03-17 03:00:00,BUY,2.5249,124586232950237.34,15728388978802.715,6291355591.521087,44033197785056.16,2.4542028,2.7369916000000005,,,
exit,2025-03-17 03:15:00,,2.5019,124586232950237.34,,6234045924.3639765,56889869360079.03,,,-2871717403779.839,-18.258178937779814,signal_reversal
entry,2025-03-17 03:15:00,SELL,2.5019,162419045411426.78,20317810485742.434,8127124194.296974,56881742235884.734,2.5719532000000003,2.2917404,,,
exit,2025-03-17 05:00:00,,2.5249,162419045411426.78,,8201836955.18623,73455712840209.14,,,-3743839881418.0234,-18.426394340301474,signal_reversal
entry,2025-03-17 05:00:00,BUY,2.5249,207803740007267.62,26234183157217.504,10493673262.887003,73445219166946.25,2.4542028,2.7369916000000005,,,
exit,2025-03-17 07:00:00,,2.5019,207803740007267.62,,10398083542.483658,94889518220454.1,,,-4789884103709.666,-18.258178937779814,signal_reversal
entry,2025-03-17 07:00:00,SELL,2.5019,270907019866198.12,33889113650162.055,13555645460.064823,94875962574994.03,2.5719532000000003,2.2917404,,,
exit,2025-03-17 07:15:00,,2.5249,270907019866198.12,,13680262689.203272,122520534505544.28,,,-6244541719611.796,-18.426394340301478,signal_reversal
entry,2025-03-17 07:15:00,BUY,2.5249,346606469578835.0,43757333751980.02,17502933500.79201,122503031572043.48,2.4542028,2.7369916000000005,,,
exit,2025-03-17 07:30:00,,2.5019,346606469578835.0,,17343494524.785744,158271073029185.47,,,-7989292294838.037,-18.25817893777982,signal_reversal
entry,2025-03-17 07:30:00,SELL,2.5019,451859652461800.1,56525383224708.89,22610153289.883556,158248462875895.6,2.5719532000000003,2.2917404,,,
exit,2025-03-17 08:00:00,,2.5249,451859652461800.1,,22818008730.015984,204358256085253.0,,,-10415590015351.479,-18.426394340301474,signal_reversal
entry,2025-03-17 08:00:00,BUY,2.5249,578122630274615.2,72985091459018.81,29194036583.607525,204329062048669.4,2.4542028,2.7369916000000005,,,
exit,2025-03-17 08:15:00,,2.5019,578122630274615.2,,28928100173.681202,263988404911198.3,,,-13325748596489.908,-18.258178937779814,signal_reversal
entry,2025-03-17 08:15:00,SELL,2.5019,753679788821060.0,94281573182570.5,37712629273.0282,263950692281925.28,2.5719532000000003,2.2917404,,,
exit,2025-03-17 08:30:00,,2.5249,753679788821060.0,,38059321975.88589,340859570999635.44,,,-17372694464860.365,-18.426394340301478,signal_reversal
entry,2025-03-17 08:30:00,BUY,2.5249,964280257208587.8,121735561071298.17,48694224428.51927,340810876775206.94,2.4542028,2.7369916000000005,,,
exit,2025-03-17 08:45:00,,2.5019,964280257208587.8,,48250655510.203316,440319741275197.25,,,-22226696571307.848,-18.258178937779814,signal_reversal
entry,2025-03-17 08:45:00,SELL,2.5019,1257101006878188.8,157257050455427.03,62902820182.170815,440256838455015.06,2.5719532000000003,2.2917404,,,
exit,2025-03-17 09:00:00,,2.5249,1257101006878188.8,,63481086645.33478,568537084665598.2,,,-28976804244843.844,-18.426394340301478,signal_reversal
entry,2025-03-17 09:00:00,BUY,2.5249,1608372282539046.2,203048958809141.9,81219583523.65677,568455865082074.6,2.4542028,2.7369916000000005,,,
exit,2025-03-17 11:00:00,,2.5019,1608372282539046.2,,80479732273.6888,734431781660544.5,,,-37073042230671.96,-18.258178937779814,signal_reversal
entry,2025-03-17 11:00:00,SELL,2.5019,2096782963977496.5,262297064878764.94,104918825951.50598,734326862834593.0,2.5719532000000003,2.2917404,,,
exit,2025-03-17 11:15:00,,2.5249,2096782963977496.5,,105883346114.93562,948292036195760.2,,,-48331891517597.63,-18.426394340301474,signal_reversal
entry,2025-03-17 11:15:00,BUY,2.5249,2682686262527394.5,338675727212770.94,135470290885.10838,948156565904875.1,2.4542028,2.7369916000000005,,,
exit,2025-03-17 11:45:00,,2.5019,2682686262527394.5,,134236255204.34575,1224996272824311.2,,,-61836020293334.77,-18.258178937779817,signal_reversal
entry,2025-03-17 11:45:00,SELL,2.5019,3497331379078491.0,437498668865823.9,174999467546.32956,1224821273356765.0,2.5719532000000003,2.2917404,,,
exit,2025-03-17 13:30:00,,2.5249,3497331379078491.0,,176608239980.70566,1581704712263802.5,,,-80615229958786.45,-18.42639434030147,signal_reversal
entry,2025-03-17 13:30:00,BUY,2.5249,4474589410227844.0,564894540094214.2,225957816037.6857,1581478754447764.8,2.4542028,2.7369916000000005,,,
exit,2025-03-17 14:00:00,,2.5012,4474589410227844.0,,223836860657.23767,2040101688658920.5,,,-106271605883058.38,-18.812645253277573,signal_reversal
entry,2025-03-17 14:00:00,SELL,2.5012,5826065456177957.0,728607745949615.2,291443098379.8461,2039810245560540.8,2.5712336,2.2910992,,,
exit,2025-03-17 14:45:00,,2.5249,5826065456177957.0,,294204653406.0745,2630046035545331.0,,,-138371955964825.27,-18.99128258435973,signal_reversal
entry,2025-03-17 14:45:00,BUY,2.5249,7440311739489899.0,939302155551902.4,375720862220.761,2629670314683110.0,2.4542028,2.7369916000000005,,,
exit,2025-03-17 15:00:00,,2.5012,7440311739489899.0,,372194154456.24274,3392264887854643.5,,,-176707582380368.9,-18.812645253277573,signal_reversal
entry,2025-03-17 15:00:00,SELL,2.5012,9687535376889516.0,1211523174233802.8,484609269693.5211,3391780278584950.0,2.5712336,2.2910992,,,
exit,2025-03-17 15:15:00,,2.5249,9687535376889516.0,,489201161462.1668,4373219663225006.5,,,-230083789593746.38,-18.99128258435973,signal_reversal
entry,2025-03-17 15:15:00,BUY,2.5249,1.2371691278367456e+16,1561864165437499.5,624745666174.9999,4372594917558831.5,2.4542028,2.7369916000000005,,,
exit,2025-03-17 15:30:00,,2.5012,1.2371691278367456e+16,,618881484509.0536,5640631118214510.0,,,-293827964781821.2,-18.812645253277577,signal_reversal
entry,2025-03-17 15:30:00,SELL,2.5012,1.6108356897873354e+16,2014511113648041.5,805804445459.2167,5639825313769051.0,2.5712336,2.2910992,,,
exit,2025-03-17 15:45:00,,2.5249,1.6108356897873354e+16,,813439806628.8086,7271754929130861.0,,,-382581498286231.75,-18.99128258435973,signal_reversal
entry,2025-03-17 15:45:00,BUY,2.5249,2.057155001649527e+16,2597055331832445.5,1038822132732.9783,7270716106998128.0,2.4542028,2.7369916000000005,,,
exit,2025-03-17 16:00:00,,2.5012,2.057155001649527e+16,,1029071218025.1594,9379196632221604.0,,,-488574806608968.8,-18.812645253277577,signal_reversal
entry,2025-03-17 16:00:00,SELL,2.5012,2.678484793648082e+16,3349713082936291.0,1339885233174.5164,9377856746988430.0,2.5712336,2.2910992,,,
exit,2025-03-17 16:45:00,,2.5249,2.678484793648082e+16,,1352581251096.4084,1.2091416352579022e+16,,,-636153477345699.2,-18.99128258435973,signal_reversal
entry,2025-03-17 16:45:00,BUY,2.5249,3.42062100127841e+16,4318362983063929.0,1727345193225.5718,1.2089689007385796e+16,2.4542028,2.7369916000000005,,,
exit,2025-03-17 19:45:00,,2.5012,3.42062100127841e+16,,1711131449679.5117,1.5595653681697052e+16,,,-812398308752672.1,-18.812645253277573,signal_reversal
entry,2025-03-17 19:45:00,SELL,2.5012,4.453763245555582e+16,5569876314891811.0,2227950525956.7246,1.5593425731171096e+16,2.5712336,2.2910992,,,
exit,2025-03-17 21:00:00,,2.5249,4.453763245555582e+16,,2249061363740.6587,2.010551109550248e+16,,,-1057790950560426.0,-18.99128258435973,signal_reversal
entry,2025-03-17 21:00:00,BUY,2.5249,5.687781438445213e+16,7180539676965159.0,2872215870786.064,2.0102638879631692e+16,2.4542028,2.7369916000000005,,,
exit,2025-03-17 22:15:00,,2.5012,5.687781438445213e+16,,2845255786767.833,2.593232909989855e+16,,,-1350849456698299.0,-18.812645253277577,signal_reversal
entry,2025-03-17 22:15:00,SELL,2.5012,7.40568215824935e+16,9261546107106636.0,3704618442842.655,2.5928624481455708e+16,2.5712336,2.2910992,,,
exit,2025-03-18 00:45:00,,2.5249,7.40568215824935e+16,,3739721376272.757,3.3431284195680956e+16,,,-1758886392881389.2,-18.99128258435973,signal_reversal
entry,2025-03-18 00:45:00,BUY,2.5249,9.45759781028977e+16,1.193974435560032e+16,4775897742240.128,3.3426508297938716e+16,2.4542028,2.7369916000000005,,,
exit,2025-03-18 01:00:00,,2.5012,9.45759781028977e+16,,4731068728619.3545,4.312007090377171e+16,,,-2246181749767320.8,-18.812645253277573,signal_reversal
entry,2025-03-18 01:00:00,SELL,2.5012,1.2314109485667382e+17,1.5400025322775628e+16,6160010129110.252,4.31139108936426e+16,2.5712336,2.2910992,,,
exit,2025-03-18 01:45:00,,2.524,1.2314109485667382e+17,,6216162468364.895,5.570010309121768e+16,,,-2813833125200547.0,-18.271613625459903,signal_reversal
entry,2025-03-18 01:45:00,BUY,2.524,1.5762990460498534e+17,1.989289396114915e+16,7957157584459.661,5.5692145933633224e+16,2.453328,2.7360160000000002,,,
exit,2025-03-18 04:00:00,,2.5011,1.5762990460498534e+17,,7884963088150.576,7.196743011624007e+16,,,-3617609778542302.5,-18.185437400950807,signal_reversal
entry,2025-03-18 04:00:00,SELL,2.5011,2.0553079535358733e+17,2.5702653612942864e+16,10281061445177.146,7.19571490547949e+16,2.5711308,2.2910076000000004,,,
exit,2025-03-18 04:30:00,,2.5249,2.0553079535358733e+17,,10378894103765.455,9.275779084421861e+16,,,-4902011823519152.0,-19.07200671704453,signal_reversal
entry,2025-03-18 04:30:00,BUY,2.5249,2.6240866920958243e+17,3.3127782444363736e+16,13251112977745.494,9.274453973124086e+16,2.4542028,2.7369916000000005,,,
exit,2025-03-18 05:00:00,,2.5011,2.6240866920958243e+17,,13126206451201.734,1.1961386964196533e+17,,,-6258452533639275.0,-18.89185472691991,signal_reversal
entry,2025-03-18 05:00:00,SELL,2.5011,3.416036076753806e+17,4.271923915784472e+16,17087695663137.889,1.1959678194630219e+17,2.5711308,2.2910076000000004,,,
exit,2025-03-18 10:15:00,,2.5249,3.416036076753806e+17,,17250298980391.371,1.5416860494249245e+17,,,-8147416161654464.0,-19.072006717044534,signal_reversal
entry,2025-03-18 10:15:00,BUY,2.5249,4.361377959593652e+17,5.506021605089006e+16,22024086420356.027,1.541465808560721e+17,2.4542028,2.7369916000000005,,,
exit,2025-03-18 13:00:00,,2.501,4.361377959593652e+17,,21815612553887.445,1.9876128797097933e+17,,,-1.0445508935982826e+16,-18.971064200562598,signal_reversal
entry,2025-03-18 13:00:00,SELL,2.501,5.67662329271088e+17,7.098617427534955e+16,28394469710139.82,1.987328935012692e+17,2.571028,2.290916,,,
exit,2025-03-18 15:00:00,,2.525,5.67662329271088e+17,,28666947628189.945,2.560665049264844e+17,,,-1.3652562850134314e+16,-19.232706917233124,signal_reversal
entry,2025-03-18 15:00:00,BUY,2.525,7.243748371329121e+17,9.145232318803016e+16,36580929275212.06,2.560299239972092e+17,2.4543,2.7371000000000003,,,
exit,2025-03-18 15:45:00,,2.501,7.243748371329121e+17,,36233229353388.266,3.3006101786469606e+17,,,-1.7421229320543294e+16,-19.04952079207922,signal_reversal
entry,2025-03-18 15:45:00,SELL,2.501,9.426544178462761e+17,1.1787893495167683e+17,47151573980670.734,3.300138662907154e+17,2.571028,2.290916,,,
exit,2025-03-18 16:15:00,,2.525,9.426544178462761e+17,,47604048101236.945,4.2522149116598035e+17,,,-2.2671310076411884e+16,-19.232706917233124,signal_reversal
entry,2025-03-18 16:15:00,BUY,2.525,1.2028896496915994e+18,1.518648182735644e+17,60745927309425.766,4.251607452386709e+17,2.4543,2.7371000000000003,,,
exit,2025-03-18 16:30:00,,2.501,1.2028896496915994e+18,,60168540277573.805,5.4809604337935936e+17,,,-2.8929520132875984e+16,-19.049520792079225,signal_reversal
entry,2025-03-18 16:30:00,SELL,2.501,1.5653625503494538e+18,1.9574858692119917e+17,78299434768479.67,5.480177439445909e+17,2.571028,2.290916,,,
exit,2025-03-18 16:45:00,,2.525,1.5653625503494538e+18,,79050808792647.42,7.061185788486106e+17,,,-3.7647752017179576e+16,-19.232706917233127,signal_reversal
entry,2025-03-18 16:45:00,BUY,2.525,1.997506587973439e+18,2.5218520673164666e+17,100874082692658.67,7.06017704765918e+17,2.4543,2.7371000000000003,,,
exit,2025-03-18 18:45:00,,2.501,1.997506587973439e+18,,99915279530431.42,9.101628381066716e+17,,,-4.804007339089301e+16,-19.049520792079225,signal_reversal
entry,2025-03-18 18:45:00,SELL,2.501,2.5994254815407237e+18,3.2505815646666746e+17,130023262586666.98,9.10032814844085e+17,2.571028,2.290916,,,
exit,2025-03-18 21:00:00,,2.525,2.5994254815407237e+18,,131270986817806.55,1.1725734887669573e+18,,,-6.251748254379523e+16,-19.232706917233127,signal_reversal
entry,2025-03-18 21:00:00,BUY,2.525,3.317039572183756e+18,4.187762459881992e+17,167510498395279.7,1.172405978268562e+18,2.4543,2.7371000000000003,,,
exit,2025-03-18 22:15:00,,2.501,3.317039572183756e+18,,165918319400631.47,1.5114073562049503e+18,,,-7.977486805181083e+16,-19.04952079207922,signal_reversal
entry,2025-03-18 22:15:00,SELL,2.501,4.316580099974142e+18,5.3978834150176646e+17,215915336600706.6,1.5111914408683494e+18,2.571028,2.290916,,,
exit,2025-03-18 22:45:00,,2.5248,4.316580099974142e+18,,217970028728294.28,1.948027205962003e+18,,,-1.0295257640811306e+17,-19.072767692922866,signal_reversal
entry,2025-03-18 22:45:00,BUY,2.5248,5.511121689870755e+18,6.957240021292841e+17,278289600851713.66,1.9477489163611512e+18,2.4541055999999997,2.7368832000000003,,,
exit,2025-03-18 23:30:00,,2.501,5.511121689870755e+18,,275666306927335.12,2.512032555964584e+18,,,-1.3144036252585154e+17,-18.89260139416987,signal_reversal
entry,2025-03-18 23:30:00,SELL,2.501,7.174366127733412e+18,8.971544842730632e+17,358861793709225.3,2.511673694170875e+18,2.571028,2.290916,,,
exit,2025-03-19 00:00:00,,2.525,7.174366127733412e+18,,362305489450537.3,3.236281085888886e+18,,,-1.7254709255505258e+17,-19.232706917233124,signal_reversal
entry,2025-03-19 00:00:00,BUY,2.525,9.154967711142536e+18,1.155814673531745e+18,462325869412698.06,3.235818760019473e+18,2.4543,2.7371000000000003,,,
exit,2025-03-19 00:45:00,,2.501,9.154967711142536e+18,,457931484911349.7,4.1714562769988854e+18,,,-2.201771565523324e+17,-19.049520792079228,signal_reversal
entry,2025-03-19 00:45:00,SELL,2.501,1.1913681033297748e+19,1.4898058132138834e+18,595922325285553.4,4.1708603546736e+18,2.571028,2.290916,,,
exit,2025-03-19 01:00:00,,2.525,1.1913681033297748e+19,,601640892181536.2,5.374136182196155e+18,,,-2.8652998569132774e+17,-19.232706917233124,signal_reversal
entry,2025-03-19 01:00:00,BUY,2.525,1.5202648323044289e+19,1.9193343507843412e+18,767733740313736.5,5.373368448455842e+18,2.4543,2.7371000000000003,,,
exit,2025-03-19 02:45:00,,2.5009,1.5202648323044289e+19,,760406063822029.4,6.925558568590998e+18,,,-3.671442306491862e+17,-19.128727128712704,signal_reversal
entry,2025-03-19 02:45:00,SELL,2.5009,1.9780189327816294e+19,2.4734137744967885e+18,989365509798715.5,6.924569203081199e+18,2.5709252,2.2908244,,,
exit,2025-03-19 03:00:00,,2.525,1.9780189327816294e+19,,998899561054722.9,8.920281515216564e+18,,,-4.777014623614232e+17,-19.313447159022584,signal_reversal
entry,2025-03-19 03:00:00,BUY,2.525,2.5234176846440075e+19,3.1858148268630595e+18,1274325930745223.8,8.919007189285819e+18,2.4543,2.7371000000000003,,,
exit,2025-03-19 03:15:00,,2.5009,2.5234176846440075e+19,,1262163057505239.8,1.1495416191092173e+19,,,-6.094058250567058e+17,-19.128727128712704,signal_reversal
entry,2025-03-19 03:15:00,SELL,2.5009,3.283222665866628e+19,4.105505782532925e+18,1642202313013170.0,1.149377398877916e+19,2.5709252,2.2908244,,,
exit,2025-03-19 04:15:00,,2.525,3.283222665866628e+19,,1658027446262647.0,1.4806365081391972e+19,,,-7.92914689920113e+17,-19.31344715902258,signal_reversal
entry,2025-03-19 04:15:00,BUY,2.525,4.188504973519653e+19,5.287987529068562e+18,2115195011627425.0,1.4804249886380345e+19,2.4543,2.7371000000000003,,,
exit,2025-03-19 04:30:00,,2.5009,4.188504973519653e+19,,2095006417655060.2,1.9080712710413025e+19,,,-1.0115247050358826e+18,-19.128727128712704,signal_reversal
entry,2025-03-19 04:30:00,SELL,2.5009,5.449670321659362e+19,6.814540253718949e+18,2725816101487579.5,1.907798689431154e+19,2.5709252,2.2908244,,,
exit,2025-03-19 05:00:00,,2.525,5.449670321659362e+19,,2752083512437977.5,2.4576404516998156e+19,,,-1.3161226310323325e+18,-19.31344715902258,signal_reversal
entry,2025-03-19 05:00:00,BUY,2.525,6.9523067940588855e+19,8.777287327499343e+18,3510914930999737.5,2.4572893602067157e+19,2.4543,2.7371000000000003,,,
exit,2025-03-19 05:15:00,,2.5009,6.9523067940588855e+19,,3477404812252373.5,3.1671197587386073e+19,,,-1.678983342180429e+18,-19.128727128712704,signal_reversal
entry,2025-03-19 05:15:00,SELL,2.5009,9.045657159818499e+19,1.1311141995495043e+19,4524456798198017.0,3.1666673130587873e+19,2.5709252,2.2908244,,,
exit,2025-03-19 07:45:00,,2.525,9.045657159818499e+19,,4568056865708342.0,4.079324369370097e+19,,,-2.1845714323819474e+18,-19.31344715902258,signal_reversal
entry,2025-03-19 07:45:00,BUY,2.525,1.1539814340509472e+20,1.4569015604893209e+19,5827606241957284.0,4.078741608745901e+19,2.4543,2.7371000000000003,,,
exit,2025-03-19 09:15:00,,2.5009,1.1539814340509472e+20,,5771984336836028.0,5.256956445195262e+19,,,-2.7868672403995945e+18,-19.128727128712704,signal_reversal
entry,2025-03-19 09:15:00,SELL,2.5009,1.501447034837536e+20,1.877484444712597e+19,7509937778850389.0,5.256205451417377e+19,2.5709252,2.2908244,,,
exit,2025-03-19 09:45:00,,2.525,1.501447034837536e+20,,7582307525929557.0,6.771082929981538e+19,,,-3.626069661484359e+18,-19.31344715902258,signal_reversal
entry,2025-03-19 09:45:00,BUY,2.525,1.9154407156949192e+20,2.4182439035648352e+19,9672975614259342.0,6.770115632420112e+19,2.4543,2.7371000000000003,,,
exit,2025-03-19 10:00:00,,2.504,1.9154407156949192e+20,,9592527104200156.0,8.785157732978596e+19,,,-4.0320180300635126e+18,-16.673330693069236,signal_reversal
entry,2025-03-19 10:00:00,SELL,2.504,2.5060354099094595e+20,3.137556333206643e+19,1.2550225332826572e+16,8.783902710445313e+19,2.574112,2.293664,,,
exit,2025-03-19 10:15:00,,2.525,2.5060354099094595e+20,,1.2655478820042772e+16,1.1393926059688968e+20,,,-5.275329839629884e+18,-16.813498402555837,signal_reversal
entry,2025-03-19 10:15:00,BUY,2.525,3.22317568873804e+20,4.069259307031775e+19,1.62770372281271e+16,1.1392298355966155e+20,2.4543,2.7371000000000003,,,
exit,2025-03-19 13:00:00,,2.5009,3.22317568873804e+20,,1.612168015992993e+16,1.4683160153996077e+20,,,-7.783975090018538e+18,-19.128727128712708,signal_reversal
entry,2025-03-19 13:00:00,SELL,2.5009,4.1936788910266876e+20,5.243985769284322e+19,2.097594307713729e+16,1.4681062559688363e+20,2.5709252,2.2908244,,,
exit,2025-03-19 15:15:00,,2.5251,4.1936788910266876e+20,,2.1178917135462976e+16,1.890806014563068e+20,,,-1.0169881833420046e+19,-19.393419968811223,signal_reversal
entry,2025-03-19 15:15:00,BUY,2.5251,5.348602925380779e+20,6.7528786234395025e+19,2.7011514493758012e+16,1.8905358994181305e+20,2.4543972,2.7372084000000005,,,
exit,2025-03-19 18:15:00,,2.5009,5.348602925380779e+20,,2.6752642112169584e+16,2.4361200445467443e+20,,,-1.2970371721533655e+19,-19.20717436933191,signal_reversal
entry,2025-03-19 18:15:00,SELL,2.5009,6.957838162680714e+20,8.7004287305241e+19,3.4801714922096404e+16,2.4357720273975234e+20,2.5709252,2.2908244,,,
exit,2025-03-19 22:00:00,,2.5251,6.957838162680714e+20,,3.5138474289170148e+16,3.137083832170168e+20,,,-1.68731068279765e+19,-19.393419968811227,signal_reversal
entry,2025-03-19 22:00:00,BUY,2.5251,8.874001686411727e+20,1.1203870829179126e+20,4.4815483316716504e+16,3.136635677337001e+20,2.4543972,2.7372084000000005,,,
exit,2025-03-19 22:15:00,,2.5008,8.874001686411727e+20,,4.43842068347569e+16,4.040940677206759e+20,,,-2.160820830481544e+19,-19.286377569205346,signal_reversal
entry,2025-03-19 22:15:00,SELL,2.5008,1.1541851399571445e+21,1.4431930990024134e+20,5.7727723960096536e+16,4.0403633999671584e+20,2.5708224,2.2907328,,,
exit,2025-03-19 22:30:00,,2.5251,1.1541851399571445e+21,,5.828865793811571e+16,5.202506623380602e+20,,,-2.810498755889697e+19,-19.474169865643166,signal_reversal
entry,2025-03-19 22:30:00,BUY,2.5251,1.4716550471496407e+21,1.858038079778779e+20,7.432152319115117e+16,5.201763408148691e+20,2.4543972,2.7372084000000005,,,
exit,2025-03-19 22:45:00,,2.5008,1.4716550471496407e+21,,7.360629883823643e+16,6.701453248481722e+20,,,-3.5834823944574816e+19,-19.286377569205346,signal_reversal
entry,2025-03-19 22:45:00,SELL,2.5008,1.9140884198432841e+21,2.3933761601720425e+20,9.573504640688171e+16,6.700495898017653e+20,2.5708224,2.2907328,,,
exit,2025-03-20 02:00:00,,2.5253,1.9140884198432841e+21,,9.667294973260493e+16,8.623953665830761e+20,,,-4.699183923589343e+19,-19.634121880998233,signal_reversal
entry,2025-03-20 02:00:00,BUY,2.5253,2.4393010351898105e+21,3.0799834520824146e+20,1.2319933808329659e+17,8.622721672449929e+20,2.4545916,2.7374252,,,
exit,2025-03-20 04:00:00,,2.5008,2.4393010351898105e+21,,1.2200408057605357e+17,1.1103856330105074e+21,,,-5.988487944272687e+19,-19.443247138953936,signal_reversal
entry,2025-03-20 04:00:00,SELL,2.5008,3.171515495071597e+21,3.965662975037525e+20,1.5862651900150102e+17,1.110227006491506e+21,2.5708224,2.2907328,,,
exit,2025-03-20 04:15:00,,2.5253,3.171515495071597e+21,,1.601805615940861e+17,1.4289309938044098e+21,,,-7.786231019084882e+19,-19.634121880998233,signal_reversal
entry,2025-03-20 04:15:00,BUY,2.5253,4.0417573974362586e+21,5.103324977872892e+20,2.0413299911491568e+17,1.428726860805295e+21,2.4545916,2.7374252,,,
exit,2025-03-20 04:30:00,,2.5041,4.0417573974362586e+21,,2.0241929397840272e+17,1.8531716824729576e+21,,,-8.588767611962661e+19,-16.829748544727266,signal_reversal
entry,2025-03-20 04:30:00,SELL,2.5041,5.286107020123999e+21,6.618470294546253e+20,2.6473881178185014e+17,1.8529069436611757e+21,2.5742148000000005,2.2937556000000003,,,
exit,2025-03-20 04:45:00,,2.5253,5.286107020123999e+21,,2.6698012115838275e+17,2.4024215241680146e+21,,,-1.1233244894778656e+20,-16.972569785551606,signal_reversal
entry,2025-03-20 04:45:00,BUY,2.5253,6.795293131135804e+21,8.580076872028623e+20,3.432030748811449e+17,2.402078321093133e+21,2.4545916,2.7374252,,,
exit,2025-03-20 05:00:00,,2.5008,6.795293131135804e+21,,3.398733812468884e+17,3.09326145320192e+21,,,-1.6682455509407538e+20,-19.44324713895394,signal_reversal
entry,2025-03-20 05:00:00,SELL,2.5008,8.835062646244396e+21,1.1047362332863993e+21,4.4189449331455974e+17,3.0928195587086054e+21,2.5708224,2.2907328,,,
exit,2025-03-20 06:15:00,,2.5253,8.835062646244396e+21,,4.462236740112195e+17,3.980650533488004e+21,,,-2.169052585070006e+20,-19.634121880998233,signal_reversal
entry,2025-03-20 06:15:00,BUY,2.5253,1.1259342690509201e+22,1.4216609048171444e+21,5.686643619268578e+17,3.980081869126077e+21,2.4545916,2.7374252,,,
exit,2025-03-20 08:15:00,,2.5009,1.1259342690509201e+22,,5.631698026938893e+17,5.126451642492103e+21,,,-2.7529113145111816e+20,-19.364050211856,signal_reversal
entry,2025-03-20 08:15:00,SELL,2.5009,1.4641733668713865e+22,1.8308755866043254e+21,7.323502346417302e+17,5.125719292257461e+21,2.5709252,2.2908244,,,
exit,2025-03-20 09:30:00,,2.5253,1.4641733668713865e+22,,7.394954006720625e+17,6.598597081944497e+21,,,-3.5799779691729e+20,-19.553365588388157,signal_reversal
entry,2025-03-20 09:30:00,BUY,2.5253,1.8664252286700014e+22,2.3566418149801772e+21,9.426567259920709e+17,6.597654425218505e+21,2.4545916,2.7374252,,,
exit,2025-03-20 09:45:00,,2.5008,1.8664252286700014e+22,,9.33511242371588e+17,8.496088547932157e+21,,,-4.582076922665254e+20,-19.443247138953936,signal_reversal
entry,2025-03-20 09:45:00,SELL,2.5008,2.4266773340908486e+22,3.034317338547197e+21,1.213726935418879e+18,8.494874820996739e+21,2.5708224,2.2907328,,,
exit,2025-03-20 10:30:00,,2.5253,2.4266773340908486e+22,,1.225617654355924e+18,1.0933430595037317e+22,,,-5.957615645066185e+20,-19.634121880998233,signal_reversal
entry,2025-03-20 10:30:00,BUY,2.5253,3.092540799972087e+22,3.9047966410847557e+21,1.5619186564339023e+18,1.0931868676380883e+22,2.4545916,2.7374252,,,
exit,2025-03-20 12:30:00,,2.5008,3.092540799972087e+22,,1.5467652065140393e+18,1.4077446056265959e+22,,,-7.592192611996812e+20,-19.443247138953936,signal_reversal
entry,2025-03-20 12:30:00,SELL,2.5008,4.020840775599223e+22,5.027659305809268e+21,2.0110637223237071e+18,1.4075434992543635e+22,2.5708224,2.2907328,,,
exit,2025-03-20 16:30:00,,2.5253,4.020840775599223e+22,,2.0307658421241436e+18,1.8115957542488962e+22,,,-9.871367558639413e+20,-19.634121880998233,signal_reversal
entry,2025-03-20 16:30:00,BUY,2.5253,5.1241316569145846e+22,6.4699848366032e+21,2.58799393464128e+18,1.8113369548554322e+22,2.4545916,2.7374252,,,
exit,2025-03-20 18:30:00,,2.5008,5.1241316569145846e+22,,2.5628856895223987e+18,2.3325379243523917e+22,,,-1.2579751416336055e+21,-19.44324713895394,signal_reversal
entry,2025-03-20 18:30:00,SELL,2.5008,6.662262145691637e+22,8.330492586972823e+21,3.332197034789129e+18,2.3322047046489127e+22,2.5708224,2.2907328,,,
exit,2025-03-20 18:45:00,,2.5253,6.662262145691637e+22,,3.364842119303018e+18,3.0016920565648185e+22,,,-1.6356190678137666e+21,-19.634121880998233,signal_reversal
entry,2025-03-20 18:45:00,BUY,2.5253,8.490340770162578e+22,1.072032877344578e+22,4.2881315093783117e+18,3.0012632434138805e+22,2.4545916,2.7374252,,,
exit,2025-03-20 19:30:00,,2.5008,8.490340770162578e+22,,4.246528839604515e+18,3.864858119005513e+22,,,-2.084380017529452e+21,-19.443247138953936,signal_reversal
entry,2025-03-20 19:30:00,SELL,2.5008,1.1038919314406565e+23,1.3803064710733968e+22,5.521225884293588e+18,3.864305996417084e+22,2.5708224,2.2907328,,,
exit,2025-03-20 19:45:00,,2.5253,1.1038919314406565e+23,,5.57531658893418e+18,4.973601412628624e+22,,,-2.7101105486185633e+21,-19.634121880998233,signal_reversal
entry,2025-03-20 19:45:00,BUY,2.5253,1.4067922375923153e+23,1.7762862187959372e+22,7.105144875183749e+18,4.972890898141106e+22,2.4545916,2.7374252,,,
exit,2025-03-20 20:00:00,,2.5008,1.4067922375923153e+23,,7.036212055541723e+18,6.403809397521369e+22,,,-3.4536771941567404e+21,-19.443247138953932,signal_reversal
entry,2025-03-20 20:00:00,SELL,2.5008,1.8290745240155623e+23,2.2870747848290593e+22,9.148299139316237e+18,6.402894567607437e+22,2.5708224,2.2907328,,,
exit,2025-03-20 20:15:00,,2.5253,1.8290745240155623e+23,,9.237923790992998e+18,8.240922301673581e+22,,,-4.490470507629155e+21,-19.634121880998233,signal_reversal
entry,2025-03-20 20:15:00,BUY,2.5253,2.3309599147127018e+23,2.9431865363119928e+22,1.1772746145247971e+19,8.239745027059057e+22,2.4545916,2.7374252,,,
exit,2025-03-20 22:00:00,,2.5008,2.3309599147127018e+23,,1.165852910942705e+19,1.0610680531355491e+23,,,-5.72251032015559e+21,-19.443247138953936,signal_reversal
entry,2025-03-20 22:00:00,SELL,2.5008,3.030653199934731e+23,3.789528761198388e+22,1.5158115044793553e+19,1.0609164719851013e+23,2.5708224,2.2907328,,,
exit,2025-03-20 23:00:00,,2.5253,3.030653199934731e+23,,1.5306617051590355e+19,1.3654652785360227e+23,,,-7.440406956891739e+21,-19.634121880998233,signal_reversal
entry,2025-03-20 23:00:00,BUY,2.5253,3.862243463396209e+23,4.8766617090572235e+22,1.9506646836228895e+19,1.3652702120676605e+23,2.4545916,2.7374252,,,
exit,2025-03-20 23:30:00,,2.5008,3.862243463396209e+23,,1.9317396906522477e+19,1.7581182441511097e+23,,,-9.481813882227307e+21,-19.443247138953936,signal_reversal
entry,2025-03-20 23:30:00,SELL,2.5008,5.021588075104848e+23,6.278993729111102e+22,2.511597491644441e+19,1.7578670844019453e+23,2.5708224,2.2907328,,,
exit,2025-03-20 23:45:00,,2.5253,5.021588075104848e+23,,2.5362032732124545e+19,2.2624839291456648e+23,,,-1.2328252816739097e+22,-19.634121880998233,signal_reversal
entry,2025-03-20 23:45:00,BUY,2.5253,6.39947708941417e+23,8.080299746948802e+22,3.232119898779521e+19,2.262160717155787e+23,2.4545916,2.7374252,,,
exit,2025-03-21 00:45:00,,2.5253,6.39947708941417e+23,,3.232119898779521e+19,3.069867479860789e+23,,,-3.232119898779521e+19,-0.04,backtest_end
