date,equity,drawdown,drawdown_pct,daily_return
2025-03-18 16:25:00,50.0,0.0,0.0,
2025-03-18 16:30:00,49.8492221648113,0.15077783518869836,0.3015556703773967,-0.0030155567037739583
2025-03-18 16:35:00,49.922138676462204,0.07786132353779607,0.15572264707559214,0.001462741212086005
2025-03-18 16:40:00,50.051768030508235,0.0,0.0,0.0025966306228613067
2025-03-18 16:45:00,50.23811022694941,0.0,0.0,0.0037229892923580366
2025-03-18 16:50:00,50.37584141562332,0.0,0.0,0.00274156786654034
2025-03-18 16:55:00,50.108480872903364,0.26736054271995613,0.5307316666219261,-0.005307316666219308
2025-03-18 17:00:00,50.14899004604276,0.22685136958055807,0.4503177777397947,0.000808429480074313
2025-03-18 17:05:00,50.61079461983175,0.0,0.0,0.009208651527478295
2025-03-18 17:10:00,50.34343407711181,0.2673605427199419,0.5282678225628514,-0.0052826782256285565
2025-03-18 17:15:00,50.651303792971134,0.0,0.0,0.006115389653152281
2025-03-18 17:20:00,50.35153591173969,0.29976788123144615,0.5918265844778606,-0.005918265844778614
2025-03-18 17:25:00,50.34343407711181,0.30786971585932577,0.6078218975718622,-0.00016090541194380137
2025-03-18 17:30:00,50.359637746367554,0.29166604660358075,0.5758312713838871,0.0003218626133236757
2025-03-18 17:35:00,50.07607353439187,0.5752302585792677,1.1356672296737447,-0.005630783394508065
2025-03-18 17:40:00,50.14899004604276,0.5023137469283725,0.991709411827773,0.001456114797036001
2025-03-18 17:45:00,50.294823069344545,0.3564807236265892,0.7037937761358434,0.0029079952192037073
2025-03-18 17:50:00,50.246212061577275,0.4050917313938598,0.7997656546998386,-0.0009665211009938224
2025-03-18 17:55:00,50.14899004604276,0.5023137469283725,0.991709411827773,-0.0019349123355879572
2025-03-18 18:00:00,50.19760105381001,0.45370273916112325,0.8957375332638198,0.000969331739734347
2025-03-18 18:05:00,49.81681482629979,0.8344889666713442,1.6475172486816538,-0.007585745524014809
2025-03-18 18:10:00,49.76820381853254,0.8830999744385934,1.743489127245607,-0.0009757951795341668
2025-03-18 18:15:00,49.68718547225376,0.9641183207173754,1.9034422581855943,-0.001627913809672421
2025-03-18 18:20:00,49.8492221648113,0.8020816281598329,1.5835359963056617,0.0032611364684367317
2025-03-18 18:25:00,50.01936069199672,0.6319431009744179,1.2476344213317414,0.0034130628282003084
2025-03-18 18:30:00,50.19760105381001,0.45370273916112325,0.8957375332638198,0.003563427427848209
2025-03-18 18:35:00,49.9545460149737,0.6967577779974334,1.3755969260837118,-0.004841965228094547
2025-03-18 18:40:00,49.93024051109007,0.7210632818810652,1.4235828653657023,-0.0004865523925760007
2025-03-18 18:45:00,49.73579648002102,0.9155073129501119,1.8074703796216132,-0.0038943139283669215
2025-03-18 18:50:00,49.70338914150951,0.9479146514616232,1.8714516319976053,-0.000651589816693332
2025-03-18 18:55:00,49.533250614324096,1.1180531786470382,2.2073532069715256,-0.003423076979741091
2025-03-18 19:00:00,49.32260291399929,1.3287008789718442,2.623231347415439,-0.004252652465006834
2025-03-18 19:05:00,49.52514877969622,1.1261550132749178,2.223348520065527,0.004106552649909778
2025-03-18 19:10:00,49.52514877969622,1.1261550132749178,2.223348520065527,0.0
2025-03-18 19:15:00,49.59806529134711,1.0532385016240227,2.079390702219555,0.0014723128238391947
2025-03-18 19:20:00,49.68718547225376,0.9641183207173754,1.9034422581855943,0.001796847929110612
2025-03-18 19:25:00,49.614268960602864,1.0370348323682705,2.047400076031566,-0.0014675114107964848
2025-03-18 19:30:00,49.500843275812585,1.1504605171585496,2.2713344593475173,-0.0022861504798216137
2025-03-18 19:35:00,49.67098180299801,0.9803219899731275,1.9354328843735835,0.0034370834096184577
2025-03-18 19:40:00,49.70338914150951,0.9479146514616232,1.8714516319976053,0.0006524400632956784
2025-03-18 19:45:00,49.70338914150951,0.9479146514616232,1.8714516319976053,0.0
2025-03-18 19:50:00,49.508945110440465,1.14235868253067,2.255339146253516,-0.003912087976846945
2025-03-18 19:55:00,49.4279267641617,1.2233770288094377,2.4152922771934753,-0.0016364385485903021
2025-03-18 20:00:00,49.371213921766554,1.2800898712045807,2.527259468851458,-0.0011473846084165684
2025-03-18 20:05:00,49.41172309490594,1.2395806980651969,2.4472829033814785,0.0008205018657951868
2025-03-18 20:10:00,49.71149097613739,0.9398128168337436,1.8554563189036037,0.006066736038645715
2025-03-18 20:15:00,59.5777973388502,0.0,0.0,0.19847134272132094
2025-03-18 20:20:00,59.452360640095,0.1254366987552018,0.21054269267757159,-0.002105426926775733
2025-03-18 20:25:00,59.42341370961303,0.15438362923717364,0.259129467910861,-0.00048689286969116896
2025-03-18 20:30:00,59.58744631567753,0.0,0.0,0.002760403615754692
2025-03-18 20:35:00,59.712883014432734,0.0,0.0,0.0021050859956419643
2025-03-18 20:40:00,59.54885040836823,0.16403260606450232,0.27470220458934347,-0.002747022045893388
2025-03-18 20:45:00,59.751478921742034,0.0,0.0,0.003402727541912842
2025-03-18 20:50:00,59.92516050463385,0.0,0.0,0.0029067327876401983
2025-03-18 20:55:00,59.876915620497236,0.048244884136614985,0.08050856056177662,-0.0008050856056177613
2025-03-18 21:00:00,59.973405388770466,0.0,0.0,0.0016114685813943819
2025-03-18 21:05:00,60.28217264724482,0.0,0.0,0.00514840297083019
2025-03-18 21:10:00,60.65848274351044,0.0,0.0,0.006242477331858787
2025-03-18 21:15:00,60.6391847898558,0.019297953654643152,0.03181410543393083,-0.00031814105433936035
2025-03-18 21:20:00,60.59093990571917,0.06754283779127235,0.11134936901879305,-0.0007956057507010339
2025-03-18 21:25:00,60.53304604475524,0.1254366987552018,0.20679168532058556,-0.0009554870918657699
2025-03-18 21:30:00,60.38831139234538,0.27017135116506097,0.4453974760751254,-0.0023910023015006887
2025-03-18 21:35:00,60.41725832282735,0.24122442068308914,0.3976763179242174,0.0004793465790740026
2025-03-18 21:40:00,60.369013438690736,0.2894693048197041,0.47721158150905624,-0.0007985281933653443
2025-03-18 21:45:00,60.25322571676285,0.40525702674759145,0.668096214112688,-0.001917999240545476
2025-03-18 21:50:00,60.41725832282735,0.24122442068308914,0.3976763179242174,0.0027223871272150646
2025-03-18 21:55:00,60.436556276481994,0.22192646702844598,0.36586221249028655,0.0003194112773461377
2025-03-18 22:00:00,60.58129092889185,0.07719181461858682,0.12725642173574678,0.0023948196476935024
2025-03-18 22:05:00,60.41725832282735,0.24122442068308914,0.3976763179242174,-0.0027076446135332333
2025-03-18 22:10:00,60.48480116061861,0.173681582891831,0.2863269489054478,0.001117939470711482
2025-03-18 22:15:00,60.48480116061861,0.173681582891831,0.2863269489054478,0.0
2025-03-18 22:20:00,60.6391847898558,0.019297953654643152,0.03181410543393083,0.0025524367489813127
2025-03-18 22:25:00,60.44620525330932,0.2122774902011173,0.34995515977330943,-0.0031824230028032474
2025-03-18 22:30:00,60.40760934600002,0.2508733975104178,0.41358337064119455,-0.0006385166305735712
2025-03-18 22:35:00,60.369013438690736,0.2894693048197041,0.47721158150905624,-0.0006389245945526145
2025-03-18 22:40:00,60.38831139234538,0.27017135116506097,0.4453974760751254,0.00031966654009085715
2025-03-18 22:45:00,60.51374809110058,0.14473465240985917,0.23860579075453983,0.0020771685093201597
2025-03-18 22:50:00,71.79079985290271,0.0,0.0,0.18635520220669632
2025-03-18 22:55:00,71.72165564374532,0.06914420915738617,0.09631346815895724,-0.0009631346815895947
2025-03-18 23:00:00,71.29526635394146,0.495533498961251,0.6902465218058371,-0.0059450564264971195
2025-03-18 23:05:00,71.32983845852013,0.4609613943825792,0.6420897877263883,0.00048491444589093824
2025-03-18 23:10:00,71.26069424936276,0.5301056035399512,0.7384032558853256,-0.0009693588356797234
2025-03-18 23:15:00,71.52574705113273,0.2650528017699827,0.3692016279426727,0.003719481048591433
2025-03-18 23:20:00,71.42203073739667,0.36876911550604063,0.5136718301810789,-0.0014500556514552843
2025-03-18 23:25:00,71.31831442366058,0.472485429242127,0.6581420324195246,-0.001452161366251703
2025-03-18 23:30:00,71.47965091169448,0.31114894120823067,0.4334106067152977,0.0022622027642926756
2025-03-18 23:35:00,71.59489126029011,0.19590859261259652,0.27288815978371544,0.0016122119669834678
2025-03-18 23:40:00,71.54879512085186,0.2420047320508445,0.33709713855634044,-0.000643846769326939
2025-03-18 23:45:00,71.5026989814136,0.2881008714891067,0.4013061173289852,-0.0006442615750608116
2025-03-18 23:50:00,71.29526635394146,0.495533498961251,0.6902465218058371,-0.002901046120315831
2025-03-18 23:55:00,71.37593459795839,0.41486525494431703,0.5778808089537435,0.0011314670404127813
2025-03-19 00:00:00,71.44507880711579,0.34572104578691665,0.4815673407947664,0.0009687328025456132
2025-03-19 00:05:00,71.19155004020537,0.5992498126973373,0.834716724044283,-0.003548582647587062
2025-03-19 00:10:00,71.15697793562667,0.6338219172760375,0.8828734581237714,-0.0004856208996597555
2025-03-19 00:15:00,71.00716548245234,0.7836343704503719,1.091552639134842,-0.0021053796482175535
2025-03-19 00:20:00,71.05326162189058,0.7375382310121239,1.0273436603622172,0.0006491758842230855
2025-03-19 00:25:00,70.70754057610367,1.0832592767990405,1.5089110011569837,-0.004865660462241239
2025-03-19 00:30:00,70.83430495955886,0.9564948933438444,1.3323363095322451,0.0017927986523411654
2025-03-19 00:35:00,70.74211268068235,1.0486871722203546,1.4607542670775149,-0.00130152020167551
2025-03-19 00:40:00,70.97259337787365,0.8182064750290579,1.1397093732143109,0.003258040910251614
2025-03-19 00:45:00,70.73058864582279,1.0602112070799166,1.476806511770671,-0.0034098335784684686
2025-03-19 00:50:00,70.69601654124409,1.0947833116586168,1.5249632458501596,-0.0004887857607380752
2025-03-19 00:55:00,70.74211268068235,1.0486871722203546,1.4607542670775149,0.0006520330521220252
2025-03-19 01:00:00,71.12240583104798,0.6683940218547235,0.9310301922032402,0.005375767501915041
2025-03-19 01:05:00,71.39898266767752,0.39181718522519304,0.5457763195674309,0.003888744108102138
2025-03-19 01:10:00,85.73678575988885,0.0,0.0,0.20081242836394209
2025-03-19 01:15:00,85.54464827801853,0.19213748187031854,0.2241015687343486,-0.002241015687343473
2025-03-19 01:20:00,85.59954470141004,0.13724105847880708,0.1600725490959728,0.0006417283196149537
2025-03-19 01:25:00,85.2976143727567,0.43917138713214854,0.5122321571070731,-0.0035272422266560133
2025-03-19 01:30:00,85.27016616106094,0.46661959882790427,0.5442466669262611,-0.0003217934276075196
2025-03-19 01:35:00,85.25644205521306,0.48034370467578924,0.5602539218358633,-0.00016094850597525578
2025-03-19 01:40:00,85.40740721953972,0.3293785403491256,0.3841741178303214,0.0017707185602338082
2025-03-19 01:45:00,85.4211313253876,0.31565443450124064,0.3681668629207192,0.00016068987801731716
2025-03-19 01:50:00,85.44857953708336,0.2882062228054849,0.33615235310153124,0.0003213281218577002
2025-03-19 01:55:00,84.8858911973203,0.8508945625685413,0.9924498043949583,-0.006585110516891146
2025-03-19 02:00:00,84.87216709147245,0.8646186684163979,1.0084570593045274,-0.00016167711329029277
2025-03-19 02:05:00,85.10547689088638,0.6313088690024671,0.7363337258414218,0.0027489553691080193
2025-03-19 02:10:00,85.13292510258215,0.6038606573066971,0.7043192160222173,0.000322519921144071
2025-03-19 02:15:00,85.4348554312355,0.30193032865334146,0.35215960801110036,0.0035465752913992343
2025-03-19 02:20:00,85.28389026690883,0.4528954929800193,0.5282394120166588,-0.0017670207734850063
2025-03-19 02:25:00,85.1603733142779,0.5764124456109414,0.6723047062030294,-0.0014483034515001547
2025-03-19 02:30:00,85.17409742012579,0.5626883397630564,0.6562974512934271,0.0001611560085257313
2025-03-19 02:35:00,84.84471887977666,0.892066880112182,1.0404715691237485,-0.003867120994830775
2025-03-19 02:40:00,84.66630550375424,1.0704802561346014,1.2485658829484783,-0.0021028224075470003
2025-03-19 02:45:00,84.87216709147245,0.8646186684163979,1.0084570593045274,0.002431446447241914
2025-03-19 02:50:00,84.91333940901606,0.8234463508727856,0.9604352945757705,0.00048510977101878794
2025-03-19 02:55:00,85.20154563182155,0.5352401280673007,0.6242829414742391,0.003394121875448075
2025-03-19 03:00:00,85.14664920843002,0.5901365514588264,0.6883119611126316,-0.0006443125295959584
2025-03-19 03:05:00,85.36623490199611,0.3705508578927379,0.4321958825590785,0.0025789117435328635
2025-03-19 03:10:00,102.53181413209143,0.0,0.0,0.20108160152315602
2025-03-19 03:15:00,102.5482404326567,0.0,0.0,0.00016020686558904096
2025-03-19 03:20:00,102.92604534565778,0.0,0.0,0.003684167679592676
2025-03-19 03:25:00,102.67965083717881,0.24639450847897137,0.23938985283219782,-0.002393898528321947
2025-03-19 03:30:00,102.28541962361247,0.6406257220453142,0.6224136173637034,-0.0038394288483848404
2025-03-19 03:35:00,101.52980979761028,1.3962355480474997,1.3565424993824498,-0.0073872681833115905
2025-03-19 03:40:00,101.25056268800078,1.6754826576569997,1.6278509992589396,-0.0027503952796341657
2025-03-19 03:45:00,101.1520048846092,1.7740404610485854,1.7236069403918162,-0.0009734049942545786
2025-03-19 03:50:00,100.42924765973757,2.496797685920214,2.4258171753662428,-0.007145258521530251
2025-03-19 03:55:00,100.29783725521546,2.628208090442328,2.5534917635434113,-0.001308487393705704
2025-03-19 04:00:00,100.64278956708601,2.283255778571771,2.218345969578337,0.0034392796625595246
2025-03-19 04:05:00,100.77419997160813,2.151845374049657,2.0906713814011684,0.001305711070682447
2025-03-19 04:10:00,101.1520048846092,1.7740404610485854,1.7236069403918162,0.0037490241858284534
2025-03-19 04:15:00,101.18485748573974,1.7411878599180426,1.6916882933475101,0.00032478447825146084
2025-03-19 04:20:00,100.77419997160813,2.151845374049657,2.0906713814011684,-0.004058487844285308
2025-03-19 04:25:00,101.21771008687027,1.708335258787514,1.659769646303218,0.0044010283920596915
2025-03-19 04:30:00,101.33269419082711,1.5933511548306711,1.5480543816482026,0.0011360077585054196
2025-03-19 04:35:00,101.06987338178288,1.8561719638748997,1.8034035580025396,-0.0025936427639956516
2025-03-19 04:40:00,101.16843118517447,1.757614160483314,1.707647616869663,0.0009751452148287765
2025-03-19 04:45:00,101.21771008687027,1.708335258787514,1.659769646303218,0.0004870976165045615
2025-03-19 04:50:00,101.18485748573974,1.7411878599180426,1.6916882933475101,-0.00032457364528726274
2025-03-19 04:55:00,100.85633147443446,2.0697138712233283,2.010874763790431,-0.0032467902754281797
2025-03-19 05:00:00,100.69206846878178,2.2339768768759996,2.17046799901192,-0.0016286831302634308
2025-03-19 05:05:00,100.85633147443446,2.0697138712233283,2.010874763790431,0.0016313400663092725
2025-03-19 05:10:00,121.32047645936211,0.0,0.0,0.2029039197218372
2025-03-19 05:15:00,121.39776977370023,0.0,0.0,0.0006371003196976588
2025-03-19 05:20:00,121.55235640237643,0.0,0.0,0.0012733893626246662
2025-03-19 05:25:00,121.35912311653117,0.19323328584526678,0.15897123804462004,-0.001589712380446251
2025-03-19 05:30:00,121.33979978794666,0.21255661442977214,0.1748683618490645,-0.00015922435897919307
2025-03-19 05:35:00,121.0692731877633,0.4830832146131314,0.39742809511152083,-0.0022294960157848154
2025-03-19 05:40:00,121.03062653059423,0.521729871782199,0.42922234272045656,-0.0003192111107260809
2025-03-19 05:45:00,120.95333321625615,0.5990231861202773,0.49281083793828123,-0.0006386260779914776
2025-03-19 05:50:00,121.51370974520735,0.03864665716908178,0.03179424760894739,0.004632997818665219
2025-03-19 05:55:00,121.26250647360854,0.28984992876789306,0.2384568570669242,-0.0020672833717737538
2025-03-19 06:00:00,121.47506308803831,0.07729331433812092,0.0635884952178597,0.0017528634415620026
2025-03-19 06:05:00,121.78423634539071,0.0,0.0,0.002545158236537226
2025-03-19 06:10:00,145.6680642038091,0.0,0.0,0.19611592251300713
2025-03-19 06:15:00,145.2743853440593,0.393678859749798,0.270257493913689,-0.002702574939136837
2025-03-19 06:20:00,146.06174306355894,0.0,0.0,0.005419797286595918
2025-03-19 06:25:00,146.20068854347065,0.0,0.0,0.0009512790755292766
2025-03-19 06:30:00,145.76069452375026,0.43999401972038754,0.30095208449689465,-0.0030095208449689714
2025-03-19 06:35:00,146.01542790358837,0.18526063988227293,0.12671666715659027,0.0017476136531211495
2025-03-19 06:40:00,146.89541594302915,0.0,0.0,0.006026678496068305
2025-03-19 06:45:00,146.57120982323517,0.3242061197939847,0.2207054030329459,-0.0022070540303295028
2025-03-19 06:50:00,145.89964000366197,0.9957759393671779,0.6778808807440067,-0.004581867205593171
2025-03-19 06:55:00,146.03858548357368,0.8568304594554661,0.5832928508727413,0.0009523360023933058
2025-03-19 07:00:00,145.94595516363253,0.9494607793966168,0.6463515374535913,-0.0006342866142836634
2025-03-19 07:05:00,145.9922703236031,0.9031456194260556,0.614822194163176,0.00031734459457011255
2025-03-19 07:10:00,146.50173708327932,0.3936788597498264,0.26799941796856885,0.0034896831082011914
2025-03-19 07:15:00,146.10805822352953,0.7873577194996244,0.5359988359371184,-0.0026871958489202985
2025-03-19 07:20:00,145.78385210373554,1.1115638392936091,0.7567042389700642,-0.002218947563439544
2025-03-19 07:25:00,145.29754292404456,1.5978730189845862,1.0877623435194832,-0.0033358233622811095
2025-03-19 07:30:00,145.43648840395628,1.4589275390728744,0.9931743136482177,0.0009562823783217933
2025-03-19 07:35:00,145.94595516363253,0.9494607793966168,0.6463515374535913,0.003503018845320227
2025-03-19 07:40:00,146.20068854347065,0.6947273995585022,0.47294014935628775,0.0017453952701362851
2025-03-19 07:45:00,175.01061706643142,0.0,0.0,0.19705740656887927
2025-03-19 07:50:00,174.81555823138868,0.1950588350427438,0.11145542956899716,-0.0011145542956899623
2025-03-19 07:55:00,174.7598271356622,0.25078993076922984,0.14329983801727508,-0.00031879940372769866
2025-03-19 08:00:00,175.4843313801066,0.0,0.0,0.004145713899579295
2025-03-19 08:05:00,175.90231459805523,0.0,0.0,0.002381883411820107
2025-03-19 08:10:00,175.67939021514928,0.22292438290594419,0.1267319213026483,-0.0012673192130264743
2025-03-19 08:15:00,175.2614069972006,0.6409076008546322,0.36435427374513807,-0.0023792387794424608
2025-03-19 08:20:00,175.03848261429465,0.8638319837605763,0.4910861950477864,-0.0012719536304390822
2025-03-19 08:25:00,175.70725576301254,0.19505883504268695,0.11089043113980918,0.003820720670845601
2025-03-19 08:30:00,176.15310452882446,0.0,0.0,0.0025374522177574743
2025-03-19 08:35:00,175.54006247583305,0.6130420529914034,0.348016604436903,-0.0034801660443690707
2025-03-19 08:40:00,175.3171380929271,0.8359664358973475,0.4745680969594015,-0.001269934508178916
2025-03-19 08:45:00,176.34816336386714,0.0,0.0,0.00588091547783276
2025-03-19 08:50:00,176.15310452882446,0.19505883504268695,0.11061007459443352,-0.001106100745944305
2025-03-19 08:55:00,176.34816336386714,0.0,0.0,0.0011073255595717146
2025-03-19 09:00:00,175.70725576301254,0.6409076008546037,0.3634331022388876,-0.003634331022388859
2025-03-19 09:05:00,210.10848957333357,0.0,0.0,0.1957872124343012
2025-03-19 09:10:00,210.27548737221372,0.0,0.0,0.0007948169977294306
2025-03-19 09:15:00,209.9080922146775,0.3673951575362082,0.1747208683843748,-0.001747208683843704
2025-03-19 09:20:00,209.20670145938104,1.0687859128326807,0.5082788898454896,-0.003341418369803173
2025-03-19 09:25:00,209.173301899605,1.10218547260871,0.5241626051531649,-0.00015964861327599777
2025-03-19 09:30:00,209.97489133422954,0.3005960379841781,0.14295343776903763,0.0038321785206090198
2025-03-19 09:35:00,209.87469265490145,0.4007947173122659,0.19060458369206368,-0.00047719362392051323
2025-03-19 09:40:00,210.67628208952593,0.0,0.0,0.0038193715711238863
2025-03-19 09:45:00,210.04169045378157,0.6345916357443571,0.3012164584690602,-0.0030121645846905576
2025-03-19 09:50:00,209.03970366050095,1.6365784290249792,0.7768213928939198,-0.004770418630300921
2025-03-19 09:55:00,209.54069705714124,1.1355850323846823,0.5390189256814968,0.002396642302239238
2025-03-19 10:00:00,208.67230850296474,2.0039735865611874,0.9512098688496923,-0.0041442477111722775
2025-03-19 10:05:00,209.7744939755734,0.9017881139525343,0.42804444098236155,0.005281896196557279
2025-03-19 10:10:00,209.7744939755734,0.9017881139525343,0.42804444098236155,0.0
2025-03-19 10:15:00,209.00630410072492,1.6699779888010085,0.7926748907080859,-0.0036619793964938196
2025-03-19 10:20:00,209.40709881803718,1.2691832714887425,0.6024329169381339,0.001917620231775885
2025-03-19 10:25:00,209.073103220277,1.6031788692489215,0.7609678950797404,-0.0015949583354402108
2025-03-19 10:30:00,206.36773887841935,4.308543211106581,2.045101218026852,-0.01293980096046754
2025-03-19 10:35:00,208.57210982363668,2.1041722658892468,0.9987703622921769,0.010681761389632838
2025-03-19 10:40:00,209.03970366050095,1.6365784290249792,0.7768213928939198,0.0022418809363324854
2025-03-19 10:45:00,208.53871026386062,2.1375718256653045,1.0146238601063566,-0.002396642302239349
2025-03-19 10:50:00,207.13592875326776,3.540353336258164,1.6804707683011546,-0.006726719987948271
2025-03-19 10:55:00,208.4719111443086,2.2043709452173346,1.0463308557346749,0.006449785892201243
2025-03-19 11:00:00,209.34029969848515,1.3359823910407727,0.6341399125664526,0.0041654942836661935
2025-03-19 11:05:00,208.97290454094892,1.7033775485770093,0.8085283885222385,-0.001755014003827271
2025-03-19 11:10:00,205.86674548177902,4.809536607746907,2.2829036852392885,-0.014863932077669118
2025-03-19 11:15:00,204.86475868849843,5.8115234010275,2.7585086196641346,-0.004867161964093314
2025-03-19 11:20:00,203.19478069969736,7.481501389828566,3.5511835103722476,-0.008151611821827776
2025-03-19 11:25:00,202.09259522708874,8.58368686243719,4.074348938239565,-0.005424280430891382
2025-03-19 11:30:00,203.0945820203693,7.581700069156625,3.598744003814732,0.004958057924658865
2025-03-19 11:35:00,201.19080711313617,9.485474976389753,4.50239337922194,-0.009373834044682616
2025-03-19 11:40:00,241.44210260062013,0.0,0.0,0.2000652816351065
2025-03-19 11:45:00,241.10703198133712,0.33507061928301596,0.1387788690016798,-0.0013877886900167669
2025-03-19 11:50:00,240.76852496459617,0.673577636023964,0.27898101812762877,-0.001403969904814506
2025-03-19 11:55:00,240.58046551085116,0.8616370897689762,0.35687110097539515,-0.0007810798931158214
2025-03-19 12:00:00,241.55837467032504,0.0,0.0,0.004064790370229776
2025-03-19 12:05:00,241.784046014819,0.0,0.0,0.0009342310934239428
2025-03-19 12:10:00,241.784046014819,0.0,0.0,0.0
2025-03-19 12:15:00,242.4610600483008,0.0,0.0,0.0028000773609366814
2025-03-19 12:20:00,243.58941677077064,0.0,0.0,0.00465376470038148
2025-03-19 12:25:00,243.70225244301764,0.0,0.0,0.00046322074966487214
2025-03-19 12:30:00,244.22881891350355,0.0,0.0,0.0021606959525704017
2025-03-19 12:35:00,289.9029915020017,0.0,0.0,0.18701385361354195
2025-03-19 12:40:00,291.22719391731437,0.0,0.0,0.0045677431904096455
2025-03-19 12:45:00,288.94408630470633,2.2831076126080347,0.7839609968759504,-0.007839609968759542
2025-03-19 12:50:00,289.99431580650605,1.2328781108083149,0.423338938313005,0.003634715336212846
2025-03-19 12:55:00,291.68381543983605,0.0,0.0,0.005825974997583305
2025-03-19 13:00:00,290.31395087227116,1.369864567564889,0.4696402388659247,-0.004696402388659204
2025-03-19 13:05:00,293.6472879866789,0.0,0.0,0.011481835800148277
2025-03-19 13:10:00,294.0125852046963,0.0,0.0,0.0012439999719457973
2025-03-19 13:15:00,349.94517877008855,0.0,0.0,0.1902387733724089
2025-03-19 13:20:00,356.1973684667666,0.0,0.0,0.017866197553147778
2025-03-19 13:25:00,355.16439799514154,1.032970471625049,0.28999946745014366,-0.002899994674501416
2025-03-19 13:30:00,353.09845705189144,3.098911414875147,0.8699984023504309,-0.005816858206824982
2025-03-19 13:35:00,351.41308417713475,4.784284289631842,1.343155428190149,-0.004773096118369624
2025-03-19 13:40:00,349.6733444354503,6.524024031316287,1.8315755838956969,-0.004950697114076474
2025-03-19 13:45:00,341.7357818640157,14.461586602750913,4.059992544302075,-0.022699936091067685
2025-03-19 13:50:00,340.70281139239063,15.494557074375962,4.349992011752218,-0.003022716749152443
2025-03-19 13:55:00,342.0619830655815,14.13538540118509,3.9684137651072877,0.003989317457159247
2025-03-19 14:00:00,335.10302409884423,21.09434436792236,5.922094387929335,-0.020344146123373985
2025-03-19 14:05:00,402.06941037419267,0.0,0.0,0.19983820335681468
2025-03-19 14:10:00,402.06941037419267,0.0,0.0,0.0
2025-03-19 14:15:00,402.06941037419267,0.0,0.0,0.0
2025-03-19 14:20:00,402.06941037419267,0.0,0.0,0.0
2025-03-19 14:25:00,402.06941037419267,0.0,0.0,0.0
2025-03-19 14:30:00,402.06941037419267,0.0,0.0,0.0
2025-03-19 14:35:00,402.06941037419267,0.0,0.0,0.0
2025-03-19 14:40:00,402.06941037419267,0.0,0.0,0.0
2025-03-19 14:45:00,402.06941037419267,0.0,0.0,0.0
2025-03-19 14:50:00,402.06941037419267,0.0,0.0,0.0
2025-03-19 14:55:00,402.06941037419267,0.0,0.0,0.0
2025-03-19 15:00:00,402.06941037419267,0.0,0.0,0.0
2025-03-19 15:05:00,402.06941037419267,0.0,0.0,0.0
2025-03-19 15:10:00,402.06941037419267,0.0,0.0,0.0
2025-03-19 15:15:00,402.06941037419267,0.0,0.0,0.0
2025-03-19 15:20:00,402.06941037419267,0.0,0.0,0.0
2025-03-19 15:25:00,402.06941037419267,0.0,0.0,0.0
2025-03-19 15:30:00,402.06941037419267,0.0,0.0,0.0
2025-03-19 15:35:00,401.0674712633286,1.0019391108640434,0.24919555803351762,-0.0024919555803352145
2025-03-19 15:40:00,406.1508196632676,0.0,0.0,0.012674546713865587
2025-03-19 15:45:00,482.1837203078514,0.0,0.0,0.187203612460074
2025-03-19 15:50:00,480.42520593071697,1.7585143771344178,0.3646979985163518,-0.003646979985163501
2025-03-19 15:55:00,480.2053916335752,1.978328674276213,0.4102852483308943,-0.00045754114153095937
2025-03-19 16:00:00,484.6749490087918,0.0,0.0,0.009307595152174386
2025-03-19 16:05:00,483.5758775230828,1.0990714857090325,0.22676465700501797,-0.0022676465700501858
2025-03-19 16:10:00,486.9463634125904,0.0,0.0,0.0069699214666612
2025-03-19 16:15:00,485.8472919268814,1.0990714857090325,0.22570688853831475,-0.002257068885383129
2025-03-19 16:20:00,485.33439190021727,1.6119715123731453,0.331036769856174,-0.0010556815591786783
2025-03-19 16:25:00,486.4334633859263,0.5129000266641128,0.1053298813178592,0.0022645654296327145
2025-03-19 16:30:00,579.3464166350008,0.0,0.0,0.1910085556251282
2025-03-19 16:35:00,578.018481082997,1.327935552003737,0.22921269794275115,-0.002292126979427489
2025-03-19 16:40:00,576.0708422733915,3.2755743616093014,0.565391321592134,-0.003369509580310348
2025-03-19 16:45:00,579.0808295246001,0.26558711040070193,0.04584253958854238,0.005225029684422289
2025-03-19 16:50:00,584.3040426958149,0.0,0.0,0.009019834373558577
2025-03-19 16:55:00,585.0122749902167,0.0,0.0,0.001212095489078191
2025-03-19 17:00:00,584.3040426958149,0.708232294401796,0.12106280922287314,-0.001210628092228716
2025-03-19 17:05:00,582.7105200334103,2.3017549568064624,0.3934541299744446,-0.002727214850427151
2025-03-19 17:10:00,581.6481715918072,3.3641033984094975,0.5750483438088125,-0.0018231152606308365
2025-03-19 17:15:00,584.4811007694152,0.5311742208015175,0.090797106917184,0.004870520214746099
2025-03-19 17:20:00,584.392571732615,0.6197032576017136,0.10592995807003829,-0.00015146603830928917
2025-03-19 17:25:00,580.851410260605,4.160864729611717,0.7112440041845789,-0.00605955934982394
2025-03-19 17:30:00,574.3002615373865,10.712013452830206,1.831074989496476,-0.01127852770518234
2025-03-19 17:35:00,571.8214485069796,13.190826483237174,2.2547948217766485,-0.004316231763104583
2025-03-19 17:40:00,568.0146999245686,16.997575065648107,2.90550742134981,-0.006657232939321078
2025-03-19 17:45:00,570.4049839181755,14.607291072041221,2.4969204402224725,0.004208137560391068
2025-03-19 17:50:00,571.1132162125774,13.899058777639311,2.37585763099958,0.001241630620996581
2025-03-19 17:55:00,571.6443904333789,13.367884556837794,2.2850605240823962,0.0009300681646349229
2025-03-19 18:00:00,570.2279258445749,14.78434914564184,2.52718614252822,-0.002477877177680665
2025-03-19 18:05:00,564.5620674893587,20.450207500858028,3.495688616311516,-0.009936129218547807
2025-03-19 18:10:00,573.6805582797846,11.331716710432147,1.9370049475665532,0.01615144076359276
2025-03-19 18:15:00,573.3264421325837,11.685832857633045,1.9975363521779896,-0.0006172706083377166
2025-03-19 18:20:00,571.2017452493776,13.810529740839115,2.3607247798467257,-0.003705911200088563
2025-03-19 18:25:00,568.2802870349694,16.73198795524729,2.8601088678912086,-0.0051145820871620895
2025-03-19 18:30:00,574.6543776845875,10.357897305629194,1.77054358488502,0.011216455673441095
2025-03-19 18:35:00,570.3164548813751,14.695820108841644,2.5120532913753655,-0.007548750991319242
2025-03-19 18:40:00,571.5558613965787,13.45641359363799,2.30019337523525,0.002173190874286579
2025-03-19 18:45:00,576.2479003469921,8.764374643224642,1.4981522641334681,0.008209239494016307
2025-03-19 18:50:00,696.7894018369973,0.0,0.0,0.20918341119754236
2025-03-19 18:55:00,687.0476758766337,9.741725960363624,1.3980875619923026,-0.013980875619923006
2025-03-19 19:00:00,690.6478789489418,6.141522888055533,0.8814030282125681,0.00524010661663965
2025-03-19 19:05:00,675.0822950774908,21.707106759506473,3.1153038066133654,-0.02253765536084662
2025-03-19 19:10:00,681.3297062912025,15.45969554579483,2.2187041744661005,0.009254295749223429
2025-03-19 19:15:00,684.2945794095741,12.494822427423173,1.7931992642945132,0.00435159819246822
2025-03-19 19:20:00,697.1070668139657,0.0,0.0,0.018723642989319833
2025-03-19 19:25:00,699.9660516066813,0.0,0.0,0.004101213326931585
2025-03-19 19:30:00,694.777523649531,5.188527957150313,0.7412542287216245,-0.007412542287216217
2025-03-19 19:35:00,693.8245287186257,6.141522888055533,0.8774029646092785,-0.0013716548081453839
2025-03-19 19:40:00,686.8358992253212,13.130152381360062,1.8758270277853477,-0.010072618081420903
2025-03-19 19:45:00,688.3183357845069,11.647715822174405,1.664040105293476,0.0021583562549041257
2025-03-19 19:50:00,688.2124474588509,11.753604147830401,1.6791677426143063,-0.0001538362704449625
2025-03-19 19:55:00,686.0946809457284,13.871370660952834,1.9817204890312756,-0.003077198793689395
2025-03-19 20:00:00,680.906152988578,19.05989861810326,2.7229747177529164,-0.007562408077553484
2025-03-19 20:05:00,677.4118382419257,22.554213364755583,3.2221867493409593,-0.005131859554088902
2025-03-19 20:10:00,676.7765082879888,23.189543318692472,3.3129525732660725,-0.0009378784338722745
2025-03-19 20:15:00,676.2470666597084,23.71898494697291,3.3885907598702905,-0.0007822990629797744
2025-03-19 20:20:00,675.7176250314276,24.24842657525369,3.464228946474557,-0.000782911533939723
2025-03-19 20:25:00,676.3529549853645,23.6130966213168,3.3734631225494436,0.0009402299576060091
2025-03-19 20:30:00,678.0471681958625,21.918883410818808,3.131420925415862,0.0025049246817212545
2025-03-19 20:35:00,680.906152988578,19.05989861810326,2.7229747177529164,0.0042164983895187635
2025-03-19 20:40:00,683.0239195017004,16.94213210498083,2.420421971335947,0.0031102179115687356
2025-03-19 20:45:00,685.4593509917917,14.50670061488961,2.072486312956373,0.003565660616787758
2025-03-19 20:50:00,684.2945794095741,15.671472197107164,2.2388903234857365,-0.001699256973491159
2025-03-19 20:55:00,676.5647316366768,23.401319970004465,3.343207847907734,-0.01129608213405231
2025-03-19 21:00:00,676.7765082879888,23.189543318692472,3.3129525732660725,0.00031301757453383594
2025-03-19 21:05:00,677.517726567582,22.448325039099245,3.2070591120200795,0.0010952186881725279
2025-03-19 21:10:00,673.8116351696175,26.154416437063787,3.7365264182498157,-0.005470102482395878
2025-03-19 21:15:00,672.9645285643684,27.001523042312897,3.8575475168166227,-0.001257186075505956
2025-03-19 21:20:00,674.9764067518348,24.98964485484646,3.570122407720485,0.0029895753818680593
2025-03-19 21:25:00,676.5647316366768,23.401319970004465,3.343207847907734,0.0023531561532430523
2025-03-19 21:30:00,676.1411783340524,23.824873272628906,3.403718397191121,-0.000626035149068227
2025-03-19 21:35:00,679.6354930807045,20.330558525976812,2.904506365603111,0.0051680253453305625
2025-03-19 21:40:00,820.0718305390907,0.0,0.0,0.2066347901016845
2025-03-19 21:45:00,825.6214531705717,0.0,0.0,0.006767239679276393
2025-03-19 21:50:00,823.1549542232467,2.4664989473250216,0.29874453211615465,-0.002987445321161575
2025-03-19 21:55:00,826.1147529600365,0.0,0.0,0.0035956762716478075
2025-03-19 22:00:00,829.3212015915587,0.0,0.0,0.0038813598474465305
2025-03-19 22:05:00,830.9244259073198,0.0,0.0,0.0019331765698071823
2025-03-19 22:10:00,986.2637081788508,0.0,0.0,0.18694754592381835
2025-03-19 22:15:00,989.2130277662818,0.0,0.0,0.002990396547062346
2025-03-19 22:20:00,993.7844731267995,0.0,0.0,0.0046212951429080995
2025-03-19 22:25:00,995.2591329205148,0.0,0.0,0.0014838829078054339
2025-03-19 22:30:00,991.2775514774831,3.9815814430317005,0.4000547507007589,-0.0040005475070076235
2025-03-19 22:35:00,990.2452896218825,5.01384329863231,0.503772649030565,-0.0010413449331744262
2025-03-19 22:40:00,982.429592715191,12.829540205323838,1.2890653078135033,-0.0078926877901897
2025-03-19 22:45:00,979.9226710658751,15.336461854639765,1.5409516323287629,-0.002551757060154758
2025-03-19 22:50:00,982.1346607564478,13.124472164067015,1.3186989930506055,0.0022573104550860368
2025-03-19 22:55:00,980.8074669421039,14.451665978410915,1.452050576617525,-0.0013513358884225113
2025-03-19 23:00:00,979.3328071483886,15.926325772126233,1.6002190028029786,-0.0015035160757013166
2025-03-19 23:05:00,979.7752050865033,15.483927834011524,1.555768474947331,0.000451734012059557
2025-03-19 23:10:00,981.3973308595904,13.861802060924447,1.3927832061433092,0.0016556101488032215
2025-03-19 23:15:00,983.4618545707917,11.797278349723115,1.1853474094836856,0.0021036573529225056
2025-03-19 23:20:00,974.171497870385,21.087635050129848,2.118808494452066,-0.009446585708666189
2025-03-19 23:25:00,971.9595081798118,23.299624740703052,2.3410611337302694,-0.00227063683900508
2025-03-19 23:30:00,975.0562937466142,20.202839173900657,2.029907438740794,0.0031861261099259686
2025-03-19 23:35:00,970.9272463242112,24.33188659630366,2.4447790320600755,-0.00423467593500404
2025-03-19 23:40:00,970.3373824067252,24.921750513789675,2.5040464025342453,-0.0006075263823516197
2025-03-19 23:45:00,967.535528798666,27.723604121848894,2.7855664122866184,-0.0028875045513652164
2025-03-19 23:50:00,967.6829947780374,27.576138142477475,2.7707495696680846,0.00015241401993226766
2025-03-19 23:55:00,970.6323143654679,24.626818555046952,2.474412717297189,0.003047815868777448
2025-03-20 00:00:00,963.5539473556344,31.70518556488048,3.185621162987366,-0.007292531790950019
2025-03-20 00:05:00,963.5539473556344,31.70518556488048,3.185621162987366,0.0
2025-03-20 00:10:00,967.3880628192942,27.871070101220653,2.800383254905187,0.0039791393872465886
2025-03-20 00:15:00,973.581633952899,21.67749896761586,2.178075864926236,0.00640236464729016
2025-03-20 00:20:00,976.5309535403295,18.72817938018534,1.8817390125553404,0.00302935006636873
2025-03-20 00:25:00,974.4664298291282,20.79270309138667,2.0891748092149642,-0.0021141405745681574
2025-03-20 00:30:00,974.0240318910136,21.235101029501266,2.1336253370706,-0.00045398992163558916
2025-03-20 00:35:00,983.3143885914203,11.944744329094533,1.2001642521022196,0.009538118564046183
2025-03-20 00:40:00,989.2130277662818,6.046105154233032,0.6074905473603824,0.0059987316806286994
2025-03-20 00:45:00,996.2913947761155,0.0,0.0,0.007155553769663925
2025-03-20 00:50:00,1184.6148603993581,0.0,0.0,0.18902448280762507
2025-03-20 00:55:00,1175.5811873502316,9.033673049126492,0.7625831273196297,-0.007625831273196271
2025-03-20 01:00:00,1179.8323276086444,4.782532790713731,0.4037204791691909,0.003616203035704313
2025-03-20 01:05:00,1182.8435519583531,1.771308441004976,0.14952610339598738,0.002552247704393773
2025-03-20 01:10:00,1180.0094584527446,4.605401946613483,0.3887678688296133,-0.0023960003002225783
2025-03-20 01:15:00,1179.123804232242,5.491056167116085,0.4635309205276166,-0.0007505484080304603
2025-03-20 01:20:00,1176.8211032589352,7.79375714042294,0.6579148549424328,-0.001952891600561113
2025-03-20 01:25:00,1173.101355532824,11.51350486653405,0.9719196720740622,-0.003160843832431426
2025-03-20 01:30:00,1170.4443928713167,14.1704675280414,1.1962088271680336,-0.002264904604343032
2025-03-20 01:35:00,1168.3188227421103,16.29603765724778,1.375640151243253,-0.00181603683366105
2025-03-20 01:40:00,1166.0161217688035,18.598738630554635,1.5700240856580692,-0.0019709525589104437
2025-03-20 01:45:00,1170.621523715417,13.993336683941152,1.181256216828456,0.003949689768977915
2025-03-20 01:50:00,1172.038570468221,12.576289931137126,1.0616353341116622,0.0012105080285098602
2025-03-20 01:55:00,1177.706757479438,6.908102919920111,0.5831518032444104,0.0048361778818870604
2025-03-20 02:00:00,1173.101355532824,11.51350486653405,0.9719196720740622,-0.003910482738904042
2025-03-20 02:05:00,1177.8838883235385,6.730972075819636,0.5681991929048136,0.004076828287818524
2025-03-20 02:10:00,1178.7695425440413,5.845317855316807,0.493436141206791,0.0007519028227505054
2025-03-20 02:15:00,1180.895112673247,3.719747726111109,0.3140048171316292,0.0018032109352081882
2025-03-20 02:20:00,1178.2381500117397,6.376710387618459,0.5382939722256006,-0.002249956522804686
2025-03-20 02:25:00,1179.4780659204432,5.136794478914908,0.43362569984840377,0.0010523474466441751
2025-03-20 02:30:00,1179.8323276086444,4.782532790713731,0.4037204791691909,0.00030035462162225635
2025-03-20 02:35:00,1181.7807668937498,2.83409350560828,0.2392417654336067,0.0016514543969605722
2025-03-20 02:40:00,1417.9981667395725,0.0,0.0,0.19988258944737103
2025-03-20 02:45:00,1415.8751341929114,2.1230325466610793,0.14972040136995413,-0.0014972040136995712
2025-03-20 02:50:00,1411.841372354255,6.156794385317426,0.4341891639728878,-0.002848953090030526
2025-03-20 02:55:00,1415.025921174247,2.9722455653254656,0.20960856191793256,0.002255599589549906
2025-03-20 03:00:00,1418.422773248905,0.0,0.0,0.002400558197435121
2025-03-20 03:05:00,1416.5120439569098,1.910729291995267,0.13470802415409133,-0.0013470802415409544
2025-03-20 03:10:00,1419.6965927769018,0.0,0.0,0.002248162190768399
2025-03-20 03:15:00,1414.3890114102487,5.307581366653039,0.373853215796729,-0.003738532157967267
2025-03-20 03:20:00,1420.5458057955661,0.0,0.0,0.004352971025403107
2025-03-20 03:25:00,1422.6688383422274,0.0,0.0,0.0014945188940755916
2025-03-20 03:30:00,1419.2719862675694,3.3968520746579998,0.2387661824811036,-0.0023876618248109827
2025-03-20 03:35:00,1415.6628309382454,7.006007403982039,0.4924552513672702,-0.0025429624231614323
2025-03-20 03:40:00,1412.902888627586,9.765949714641465,0.6864527746331529,-0.0019495760221593939
2025-03-20 03:45:00,1413.9644049009162,8.704433441311267,0.611838342607838,0.0007513016512843418
2025-03-20 03:50:00,1416.0874374475773,6.581400894650187,0.4626094785571602,0.0015014752417406019
2025-03-20 03:55:00,1418.6350765035709,4.033761838656574,0.28353484169632454,0.0017990690324782843
2025-03-20 04:00:00,1417.3612569755742,5.307581366653267,0.3730721601267344,-0.0008979190977965734
2025-03-20 04:05:00,1420.3335025409003,2.335335801327119,0.16415175045574074,0.0020970275225868917
2025-03-20 04:10:00,1429.4625424915432,0.0,0.0,0.006427391830377438
2025-03-20 04:15:00,1701.5910689044854,0.0,0.0,0.19037121877892926
2025-03-20 04:20:00,1708.7564744779684,0.0,0.0,0.004211003280650827
2025-03-20 04:25:00,1708.2446597941487,0.5118146838196935,0.029952464933662055,-0.00029952464933657996
2025-03-20 04:30:00,1702.3587909302157,6.397683547752649,0.37440581167115494,-0.0034455654991728535
2025-03-20 04:35:00,1697.240644092014,11.51583038595436,0.673930461008055,-0.00300650301538663
2025-03-20 04:40:00,1695.7052000405533,13.051274437415032,0.7637878558091343,-0.00090467080010459
2025-03-20 04:45:00,1698.0083661177443,10.748108360224023,0.6290017636075153,0.0013582349556608975
2025-03-20 04:50:00,1697.7524587758346,11.004015702133756,0.6439779960743397,-0.00015071029508229028
2025-03-20 04:55:00,1698.7760881434747,9.980386334493687,0.5840730662069756,0.000602932048396676
2025-03-20 05:00:00,1703.126512955946,5.629961522022313,0.3294771142706153,0.002560917146665176
2025-03-20 05:05:00,1703.8942349816764,4.862239496291977,0.2845484168700756,0.00045077216512701135
2025-03-20 05:10:00,1709.012381819879,0.0,0.0,0.003003793740905314
2025-03-20 05:15:00,1708.2446597941487,0.7677220257303361,0.04492196978191642,-0.000449219697819192
2025-03-20 05:20:00,1705.1737716912273,3.8386101286516805,0.22460984890958208,-0.0017976863473944116
2025-03-20 05:25:00,1698.2642734596543,10.748108360224705,0.6289075769468299,-0.004052078648101642
2025-03-20 05:30:00,1703.3824202978567,5.629961522022313,0.3294277784007115,0.0030137516982418067
2025-03-20 05:35:00,1704.406049665497,4.606332154382017,0.2695318186914985,0.000600939257939137
2025-03-20 05:40:00,1704.6619570074067,4.3504248124722835,0.2545578287642152,0.0001501445867080342
2025-03-20 05:45:00,2041.8264460842381,0.0,0.0,0.19778964837623025
2025-03-20 05:50:00,2037.2213750302465,4.605071053991651,0.22553685024616746,-0.002255368502461663
2025-03-20 05:55:00,2029.2392518699946,12.587194214243482,0.6164673906728398,-0.0039181422589056325
2025-03-20 06:00:00,2028.3182376591963,13.508208425041857,0.6615747607220755,-0.00045387167134169903
2025-03-20 06:05:00,2019.7221050250787,22.104341059159424,1.082576881181579,-0.00423805913417119
2025-03-20 06:10:00,2020.643119235877,21.183326848361048,1.0374695111323435,0.000456010363260706
2025-03-20 06:15:00,2022.4851476574736,19.341298426764524,0.9472547710338832,0.0009116050251827268
2025-03-20 06:20:00,2012.6609960756252,29.16545000861288,1.4284000515590158,-0.004857465377793746
2025-03-20 06:25:00,2016.0380481818852,25.788397902352926,1.263006361378522,0.0016779040846146565
2025-03-20 06:30:00,2016.9590623926836,24.86738369155455,1.2178989913292864,0.0004568436650433938
2025-03-20 06:35:00,2029.2392518699946,12.587194214243482,0.6164673906728398,0.006088467389488539
2025-03-20 06:40:00,2023.406161868272,18.42028421596615,0.9021474009846474,-0.002874520585163798
2025-03-20 06:45:00,2021.8711381836079,19.95530790063026,0.9773263510667145,-0.0007586334931621863
2025-03-20 06:50:00,2006.8279060739017,34.998540010336455,1.714080061870868,-0.007440252657852642
2025-03-20 06:55:00,2002.8368444937757,38.98960159046237,1.9095453320842042,-0.0019887413205917914
2025-03-20 07:00:00,2006.8279060739017,34.998540010336455,1.714080061870868,0.001992704293960923
2025-03-20 07:05:00,2007.1349108108352,34.691535273402906,1.6990442718544192,0.00015298010158448783
2025-03-20 07:10:00,2008.0559250216334,33.77052106260476,1.6539369018051944,0.0004588701067562706
2025-03-20 07:15:00,2017.266067129616,24.560378954622138,1.202863201312893,0.004586596415577127
2025-03-20 07:20:00,2018.8010908142803,23.0253552699578,1.127684251230815,0.000760942599331349
2025-03-20 07:25:00,2023.0991571313386,18.72728895289947,0.9171831910010854,0.0021290192167098265
2025-03-20 07:30:00,2020.029109762011,21.79733632222701,1.0675410911651857,-0.0015174972311692292
2025-03-20 07:35:00,2024.020171342137,17.806274742101095,0.8720758209518497,0.0019757445874610813
2025-03-20 07:40:00,2022.1781429205403,19.648303163697847,0.9622905610503212,-0.0009100840237058483
2025-03-20 07:45:00,2008.9769392324317,32.84950685180638,1.6088295317559589,-0.0065282100562330525
2025-03-20 07:50:00,2012.0469866017593,29.779459482478842,1.4584716315918582,0.0015281645644475983
2025-03-20 07:55:00,2027.3972234483979,14.429222635840233,0.7066821307713113,0.007629164203846184
2025-03-20 08:00:00,2434.5803144143138,0.0,0.0,0.2008403120298934
2025-03-20 08:05:00,2421.8039221658996,12.77639224841414,0.5247882837452316,-0.005247882837452367
2025-03-20 08:10:00,2428.37463817937,6.205676234943894,0.2548971663905363,0.002713149464054876
2025-03-20 08:15:00,2431.2949564075784,3.2853580067353505,0.13494555867735702,0.001202581423102922
2025-03-20 08:20:00,2438.9607917566273,0.0,0.0,0.0031529845150404245
2025-03-20 08:25:00,2444.0713486559935,0.0,0.0,0.002095382966646797
2025-03-20 08:30:00,2441.8811099848367,2.1902386711567488,0.08961435075785212,-0.0008961435075784951
2025-03-20 08:35:00,2454.292462454725,0.0,0.0,0.005082701372781218
2025-03-20 08:40:00,2453.197343119147,1.095119335578147,0.044620572011325604,-0.0004462057201132241
2025-03-20 08:45:00,2461.958297803773,0.0,0.0,0.003571239268295834
2025-03-20 08:50:00,2456.482701125881,5.475596677892099,0.2224081814373821,-0.002224081814373835
2025-03-20 08:55:00,2457.2127806829335,4.745517120839395,0.19275375724571392,0.0002972052507099754
2025-03-20 09:00:00,2461.958297803773,0.0,0.0,0.001931260148956504
2025-03-20 09:05:00,2464.8786160319823,0.0,0.0,0.0011861769676662082
2025-03-20 09:10:00,2461.958297803773,2.920318228209453,0.1184771618859937,-0.0011847716188599922
2025-03-20 09:15:00,2444.4363884345194,20.44222759746299,0.8293401332018268,-0.007117061805995695
2025-03-20 09:20:00,2442.611189541888,22.267426490094294,0.9033883593805891,-0.000746674735029651
2025-03-20 09:25:00,2443.3412690989408,21.53734693304159,0.8737690689090768,0.00029889306991570663
2025-03-20 09:30:00,2444.8014282130453,20.07718781893709,0.8145304879660892,0.0005976075190852193
2025-03-20 09:35:00,2438.5957519781014,26.282864053880985,1.0662944569737773,-0.002538315039957939
2025-03-20 09:40:00,2440.4209508707313,24.457665161251043,0.9922462307950705,0.0007484630821443794
2025-03-20 09:45:00,2431.2949564075784,33.583659624403936,1.3624873616887339,-0.0037395165206628445
2025-03-20 09:50:00,2423.6291210585305,41.249494973451874,1.6734899116393913,-0.0031529845150399805
2025-03-20 09:55:00,2429.4697575149485,35.40885851703388,1.4365355878674408,0.0024098722059697764
2025-03-20 10:00:00,2428.7396779578958,36.13893807408658,1.466154878338953,-0.0003005098354463831
2025-03-20 10:05:00,2418.5185641591643,46.360051872818076,1.8808249449398666,-0.004208402362547714
2025-03-20 10:10:00,2389.3153818770747,75.5632341549076,3.0655965637996005,-0.012074822461510593
2025-03-20 10:15:00,2349.1610062392006,115.71760979278179,4.694657539731779,-0.016805808032896996
2025-03-20 10:20:00,2351.716284688884,113.16233134309823,4.590990023081523,0.0010877408755283202
2025-03-20 10:25:00,2347.700847125096,117.17776890688629,4.753896120674766,-0.0017074498271458793
2025-03-20 10:30:00,2337.4797333263646,127.39888270561778,5.16856618727568,-0.004353669596042442
2025-03-20 10:35:00,2329.8138979773157,135.06471805466663,5.479568737226375,-0.0032795301879002814
2025-03-20 10:40:00,2332.004136648473,132.87447938350942,5.390710865811874,0.0009400916841721951
2025-03-20 10:45:00,2330.1789377558425,134.69967827613982,5.464759091990599,-0.0007826739515366388
2025-03-20 10:50:00,2793.671466655718,0.0,0.0,0.1989085565017843
2025-03-20 10:55:00,2793.671466655718,0.0,0.0,0.0
2025-03-20 11:00:00,2793.671466655718,0.0,0.0,0.0
2025-03-20 11:05:00,2793.671466655718,0.0,0.0,0.0
2025-03-20 11:10:00,2793.671466655718,0.0,0.0,0.0
2025-03-20 11:15:00,2793.671466655718,0.0,0.0,0.0
2025-03-20 11:20:00,2793.671466655718,0.0,0.0,0.0
2025-03-20 11:25:00,2793.671466655718,0.0,0.0,0.0
2025-03-20 11:30:00,2793.671466655718,0.0,0.0,0.0
2025-03-20 11:35:00,2793.671466655718,0.0,0.0,0.0
2025-03-20 11:40:00,2793.671466655718,0.0,0.0,0.0
2025-03-20 11:45:00,2793.671466655718,0.0,0.0,0.0
2025-03-20 11:50:00,2793.671466655718,0.0,0.0,0.0
2025-03-20 11:55:00,2793.671466655718,0.0,0.0,0.0
2025-03-20 12:00:00,2793.671466655718,0.0,0.0,0.0
2025-03-20 12:05:00,2793.671466655718,0.0,0.0,0.0
2025-03-20 12:10:00,2793.671466655718,0.0,0.0,0.0
2025-03-20 12:15:00,2793.671466655718,0.0,0.0,0.0
2025-03-20 12:20:00,2793.671466655718,0.0,0.0,0.0
2025-03-20 12:25:00,2788.181134411704,5.490332244014098,0.19652748397743888,-0.001965274839774378
2025-03-20 12:30:00,2800.1763861886784,0.0,0.0,0.004302178086254438
2025-03-20 12:35:00,2804.4604046804548,0.0,0.0,0.0015299102274080045
2025-03-20 12:40:00,2809.1728250214082,0.0,0.0,0.0016803304953383336
2025-03-20 12:45:00,2805.7456102279875,3.427214793420717,0.12200085245359009,-0.0012200085245358538
2025-03-20 12:50:00,2808.3160213230535,0.8568036983547245,0.030500213113381334,0.0009161240725801267
2025-03-20 12:55:00,2813.028441664007,0.0,0.0,0.0016780235219870931
2025-03-20 13:00:00,2802.318395434566,10.710046229441105,0.380730108192782,-0.0038073010819278386
2025-03-20 13:05:00,2786.0391251658157,26.98931649819133,0.9594398726458018,-0.005809215075371799
2025-03-20 13:10:00,2796.3207695460796,16.70767211792736,0.5939389687807128,0.0036904163647206722
2025-03-20 13:15:00,2799.7479843395,13.280457324507097,0.47210533415905426,0.0012256157557977154
2025-03-20 13:20:00,2782.611910372394,30.416531291612955,1.0812735072675086,-0.006120577303013408
2025-03-20 13:25:00,2761.1918179135114,51.83662375049562,1.842733723653089,-0.007697836834176464
2025-03-20 13:30:00,2783.0403122215725,29.988129442434456,1.066044302939767,0.00791270427730395
2025-03-20 13:35:00,2802.746797283743,10.28164438026397,0.3655009038650889,0.007080919732147084
2025-03-20 13:40:00,2807.0308157755208,5.9976258884862546,0.2132088605879308,0.0015285071401844874
2025-03-20 13:45:00,3352.433841608411,0.0,0.0,0.19429890928440252
2025-03-20 13:50:00,3384.234752748717,0.0,0.0,0.009485917587876536
2025-03-20 13:55:00,3371.41180470827,12.82294804044659,0.3789024396144988,-0.0037890243961450354
2025-03-20 14:00:00,3330.378370978843,53.85638176987368,1.591390246380836,-0.012170994261846868
2025-03-20 14:05:00,3334.994632273404,49.24012047531278,1.4549853681196125,0.0013861071567085048
2025-03-20 14:10:00,3354.9984312164993,29.236321532217517,0.8638975623210363,0.005998150266724345
2025-03-20 14:15:00,3321.145848389722,63.08890435899502,1.8642000029032693,-0.010090193340121068
2025-03-20 14:20:00,3314.990833330307,69.24391941840986,2.0460731739182427,-0.0018532805665246732
2025-03-20 14:25:00,3310.3745720357465,73.8601807129703,2.1824780521794525,-0.0013925411944269994
2025-03-20 14:30:00,3351.9209236867923,32.31382906192448,0.9548341478285096,0.012550347625917224
2025-03-20 14:35:00,3345.2529907057606,38.981762042956234,1.151863416428035,-0.001989287078317359
2025-03-20 14:40:00,3345.765908627378,38.46884412133886,1.1367073188434698,0.00015332709455528892
2025-03-20 14:45:00,3329.352535135607,54.88221761310979,1.6217024415500072,-0.0049057148467701595
2025-03-20 14:50:00,3352.433841608411,31.800911140305743,0.9396780502439038,0.0069326712113602085
2025-03-20 14:55:00,3314.990833330307,69.24391941840986,2.0460731739182427,-0.011168902966371408
2025-03-20 15:00:00,3403.2127158485773,0.0,0.0,0.026613009493495543
2025-03-20 15:05:00,3362.6922000407676,40.520515807809716,1.1906548074150014,-0.011906548074150036
2025-03-20 15:10:00,3379.1055735325385,24.10714231603879,0.7083642525127252,0.004881021668165841
2025-03-20 15:15:00,4035.955981481815,0.0,0.0,0.19438587923803774
2025-03-20 15:20:00,4044.0693337228454,0.0,0.0,0.00201026777255664
2025-03-20 15:25:00,4053.4308940009582,0.0,0.0,0.0023148861964477074
2025-03-20 15:30:00,4009.119508684559,44.31138531639908,1.093182207250148,-0.01093182207250143
2025-03-20 15:35:00,3996.637428313743,56.7934656872153,1.4011208571797567,-0.003113421873251143
2025-03-20 15:40:00,3994.1410122395805,59.28988176137773,1.4627085871656584,-0.0006246291085792999
2025-03-20 15:45:00,3994.7651162581205,58.66577774283769,1.4473116546691969,0.0001562548784901363
2025-03-20 15:50:00,3998.5097403693658,54.92115363159246,1.3549300596903053,0.0009373828003065299
2025-03-20 15:55:00,3997.8856363508253,55.54525765013295,1.3703269921867778,-0.00015608415611434445
2025-03-20 16:00:00,4014.7364448514268,38.694449149531465,0.9546098147818162,0.004214930098896508
2025-03-20 16:05:00,4008.4954046660187,44.935489334939575,1.1085791397466205,-0.0015545329739917735
2025-03-20 16:10:00,3986.65176401709,66.77912998386819,1.6474717771234417,-0.005449336582375008
2025-03-20 16:15:00,3989.772284109793,63.65860989116527,1.5704871146410675,0.0007827420796739926
2025-03-20 16:20:00,3988.5240760727124,64.9068179282458,1.6012809796340015,-0.0003128519494839388
2025-03-20 16:25:00,3959.815291219834,93.61560278112438,2.309539874472133,-0.007197846698507759
2025-03-20 16:30:00,3918.6244259961395,134.80646800481873,3.3257374192398617,-0.010402218839607902
2025-03-20 16:35:00,3928.6100902927924,124.82080370816584,3.079386499296177,0.002548257554464195
2025-03-20 16:40:00,3907.3905536624043,146.04034033855396,3.602882204176525,-0.0054012834419021605
2025-03-20 16:45:00,3883.674600957853,169.75629304310542,4.1879656390427975,-0.006069511705791064
2025-03-20 16:50:00,3883.050496939312,170.38039706164636,4.203362571539281,-0.00016069935889762021
2025-03-20 16:55:00,3879.9299768466076,173.50091715435065,4.280347234021689,-0.0008036259366608345
2025-03-20 17:00:00,3895.5325773101285,157.8983166908297,3.8954239216096616,0.004021361353588659
2025-03-20 17:05:00,3929.858298329874,123.5725956710844,3.048592634303221,0.008811560508999117
2025-03-20 17:10:00,3924.241362163007,129.1895318379511,3.18716502677153,-0.0014292973793110786
2025-03-20 17:15:00,3908.638761699486,144.79213230147207,3.572088339183558,-0.003975953317744141
2025-03-20 17:20:00,3896.78078534721,156.65010865374825,3.864630056616705,-0.003033786715843867
2025-03-20 17:25:00,3892.4120572174247,161.01883678353352,3.9724085840920584,-0.0011211121103380517
2025-03-20 17:30:00,3901.149513476996,152.28138052396207,3.75685152914133,0.0022447408268018165
2025-03-20 17:35:00,3913.631593847813,139.7993001531454,3.4489128792117096,0.0031995903586099494
2025-03-20 17:40:00,3942.964482719232,110.46641128172632,2.7252570518771058,0.007495056233072672
2025-03-20 17:45:00,3931.7306103854967,121.70028361546156,3.0024018368137693,-0.0028490929560663902
2025-03-20 17:50:00,3907.3905536624043,146.04034033855396,3.602882204176525,-0.0061906725396697615
2025-03-20 17:55:00,3925.4895702000886,127.94132380086967,3.1563711617785732,0.004631995775472131
2025-03-20 18:00:00,3926.73777823717,126.69311576378823,3.1255772967856172,0.00031797512507925063
2025-03-20 18:05:00,3927.361882255711,126.06901174524728,3.1101803642891337,0.00015893702451941216
2025-03-20 18:10:00,4732.12867502033,0.0,0.0,0.2049128185514686
2025-03-20 18:15:00,4715.795017164506,16.33365785582373,0.34516512499004603,-0.0034516512499004337
2025-03-20 18:20:00,4745.4925769023685,0.0,0.0,0.006297466202362267
2025-03-20 18:25:00,4765.538429725426,0.0,0.0,0.004224188005398144
2025-03-20 18:30:00,4756.629161804068,8.90926792135815,0.18695196886433402,-0.0018695196886433507
2025-03-20 18:35:00,4755.886722810621,9.65170691480489,0.2025312996030333,-0.00015608511157616523
2025-03-20 18:40:00,5684.196462011049,0.0,0.0,0.19519172623434944
2025-03-20 18:45:00,5704.77899978837,0.0,0.0,0.003621010975760397
2025-03-20 18:50:00,5717.30750104413,0.0,0.0,0.0021961413853586187
2025-03-20 18:55:00,5682.40667611737,34.900824926759924,0.6104416269439089,-0.006104416269439139
2025-03-20 19:00:00,5697.61985621365,19.687644830480167,0.34435168699400354,0.0026772424015724106
2025-03-20 19:05:00,5685.986247904731,31.321253139399232,0.547832229308624,-0.002041836521654128
2025-03-20 19:10:00,5697.61985621365,19.687644830480167,0.34435168699400354,0.0020460141480656002
2025-03-20 19:15:00,5710.14835746941,7.159143574719565,0.12521879527053806,0.002198900869474052
2025-03-20 19:20:00,5724.46664461885,0.0,0.0,0.002507515786470016
2025-03-20 19:25:00,5694.93517737313,29.531467245720705,0.515881549829294,-0.00515881549829289
2025-03-20 19:30:00,5716.41260809729,8.054036521560192,0.140694968135262,0.0037713213680630187
2025-03-20 19:35:00,5729.83600229989,0.0,0.0,0.0023482199629163425
2025-03-20 19:40:00,6835.132574375414,0.0,0.0,0.19290195594286996
2025-03-20 19:45:00,6822.266974615262,12.865599760151781,0.18822750868628796,-0.0018822750868628946
2025-03-20 19:50:00,6825.4833745553005,9.649199820113608,0.14117063151471265,0.00047145618194166516
2025-03-20 19:55:00,6834.060441062067,1.072133313346967,0.015685625723871745,0.0012566240420042174
2025-03-20 20:00:00,6834.060441062067,1.072133313346967,0.015685625723871745,0.0
2025-03-20 20:05:00,6856.575240642333,0.0,0.0,0.0032944981646616522
2025-03-20 20:10:00,6849.07030744891,7.504933193422403,0.10945600288810266,-0.0010945600288809754
2025-03-20 20:15:00,6784.742308648155,71.83293199417767,1.0476503133574346,-0.009392223457071802
2025-03-20 20:20:00,6802.968574975037,53.6066656672956,0.78182859205777,0.002686360881186234
2025-03-20 20:25:00,6798.680041721655,57.89519892067801,0.8443748794223734,-0.0006303914542774569
2025-03-20 20:30:00,6810.473508168458,46.10173247387502,0.6723725891696939,0.0017346700204201593
2025-03-20 20:35:00,6804.040708288382,52.53453235395045,0.7661920202166257,-0.0009445451733069987
2025-03-20 20:40:00,6809.401374855112,47.173865787220166,0.6880091610108381,0.0007878651519823698
2025-03-20 20:45:00,6822.266974615262,34.308266027070204,0.5003702989169877,0.001889387781965457
2025-03-20 20:50:00,6827.627641181992,28.947599460340825,0.42218743971121325,0.0007857603032357385
2025-03-20 20:55:00,6825.4833745553005,31.09186608703203,0.4534605833935151,-0.000314057347497676
2025-03-20 21:00:00,6796.5357750949615,60.03946554737104,0.8756480231047019,-0.00424110614176465
2025-03-20 21:05:00,6820.122707988571,36.45253265376141,0.5316434425992894,0.0034704345969958084
2025-03-20 21:10:00,8183.531159717637,0.0,0.0,0.19990966586745906
2025-03-20 21:15:00,8166.859957309477,16.671202408159843,0.20371648965206682,-0.0020371648965206157
2025-03-20 21:20:00,8165.577557124234,17.953602593403048,0.21938698885607366,-0.0001570248776086025
2025-03-20 21:25:00,8183.531159717637,0.0,0.0,0.002198693536103802
2025-03-20 21:30:00,8210.461563607741,0.0,0.0,0.0032908048328410544
2025-03-20 21:35:00,8182.248759532393,28.212804075348686,0.3436201954881542,-0.0034362019548815903
2025-03-20 21:40:00,8188.66076045861,21.800803149131752,0.2655246965135576,0.0007836477617166882
2025-03-20 21:45:00,8166.859957309477,43.601606298264414,0.5310493930271263,-0.0026623160718055594
2025-03-20 21:50:00,8163.012756753748,47.44880685399312,0.5779066924118665,-0.0004710746328256965
2025-03-20 21:55:00,8159.165556198019,51.29600740972273,0.6247639917966179,-0.0004712966487215864
2025-03-20 22:00:00,8173.271958235692,37.1896053720493,0.4529538940525518,0.0017289025379509937
2025-03-20 22:05:00,8157.883156012775,52.57840759496685,0.640383091591546,-0.0018828202831806529
2025-03-20 22:10:00,8178.401558976666,32.06000463107557,0.3904774948728723,0.0025151626434816166
2025-03-20 22:15:00,8192.507961014338,17.953602593403048,0.21866739712881736,0.00172483607413354
2025-03-20 22:20:00,8177.119158791422,33.342404816319686,0.40609659466780046,-0.001878399422514776
2025-03-20 22:25:00,8164.29515693899,46.16640666875173,0.5622875926169716,-0.0015682787059113634
2025-03-20 22:30:00,8184.81355990288,25.648003704861367,0.31238199589830895,0.0025131873075965316
2025-03-20 22:35:00,8193.79036119958,16.671202408160752,0.20304829733391133,0.0010967630760312375
2025-03-20 22:40:00,8192.507961014338,17.953602593403048,0.21866739712881736,-0.0001565087863749648
2025-03-20 22:45:00,8182.248759532393,28.212804075348686,0.3436201954881542,-0.0012522662816766283
2025-03-20 22:50:00,8142.49435378986,67.96720981788167,0.8278122891305071,-0.0048586161226421565
2025-03-20 22:55:00,8137.364753048886,73.0968105588554,0.8902886883101866,-0.0006299790356730783
2025-03-20 23:00:00,8137.364753048886,73.0968105588554,0.8902886883101866,0.0
2025-03-20 23:05:00,8184.81355990288,25.648003704861367,0.31238199589830895,0.005830979474800602
2025-03-20 23:10:00,8177.119158791422,33.342404816319686,0.40609659466780046,-0.0009400826365981718
2025-03-20 23:15:00,8183.531159717637,26.93040389010457,0.32800109569322605,0.0007841393529555152
2025-03-20 23:20:00,9794.873073513983,0.0,0.0,0.19690056558078095
2025-03-20 23:25:00,9788.71995412188,6.15311939210369,0.06281979711143121,-0.0006281979711143526
2025-03-20 23:30:00,9768.722316097539,26.15075741644432,0.2669841377236198,-0.0020429267685729835
2025-03-20 23:35:00,9774.875435489643,19.99763802434063,0.20416434061218852,0.0006298796498662718
2025-03-20 23:40:00,9811.794151842272,0.0,0.0,0.003776898907436488
2025-03-20 23:45:00,9830.253510018587,0.0,0.0,0.0018813438083440381
2025-03-20 23:50:00,9844.098028650824,0.0,0.0,0.0014083582501842606
2025-03-20 23:55:00,9842.559748802796,1.5382798480277415,0.015626417408183504,-0.0001562641740818771
2025-03-21 00:00:00,9805.641032450168,38.45699620065534,0.3906604352041996,-0.0037509263133626014
2025-03-21 00:05:00,9761.030916857406,83.06711179341801,0.8438265400410961,-0.004549433886589682
2025-03-21 00:10:00,9725.650480352804,118.44754829801968,1.2032341404289473,-0.003624661862662415
2025-03-21 00:15:00,9748.724678073198,95.37335057762539,0.9688378793064164,0.0023725094549724712
2025-03-21 00:20:00,9784.1051145778,59.99291407302371,0.6094302789185654,0.003629237430838428
2025-03-21 00:25:00,9813.332431690298,30.765596960525727,0.31252834816337444,0.0029872243572843793
2025-03-21 00:30:00,9777.951995185695,66.14603346512922,0.671935948551244,-0.0036053437250682663
2025-03-21 00:35:00,9761.030916857406,83.06711179341801,0.8438265400410961,-0.0017305339949121867
2025-03-21 00:40:00,9779.490275033722,64.60775361710148,0.6563095311430605,0.0018911279283457816
2025-03-21 00:45:00,9742.571558681091,101.52646996973272,1.0313435489391134,-0.003775116628203179
2025-03-21 00:50:00,9713.344241568593,130.7537870822307,1.3282454796943044,-0.002999959193161428
2025-03-21 00:55:00,9736.418439288987,107.6795893618364,1.0938492185717736,0.002375515285626184
2025-03-21 01:00:00,9691.808323696228,152.28970495459544,1.5470153234086332,-0.004581778799968794
2025-03-21 01:05:00,9670.272405823858,173.82562282696563,1.7657851671230174,-0.00222207426654486
2025-03-21 01:10:00,9670.272405823858,173.82562282696563,1.7657851671230174,0.0
2025-03-21 01:15:00,9711.805961720569,132.2920669302548,1.343871897102451,0.004294972690913834
2025-03-21 01:20:00,9753.339517617274,90.75851103354944,0.9219586270819399,0.004276604790129701
2025-03-21 01:25:00,9771.798875793591,72.29915285723291,0.7344416181839041,0.0018926192554840071
2025-03-21 01:30:00,9713.344241568593,130.7537870822307,1.3282454796943044,-0.005981972712291506
2025-03-21 01:35:00,9719.497360960697,124.60066769012701,1.2657398100616442,0.0006334707428334863
2025-03-21 01:40:00,9719.497360960697,124.60066769012701,1.2657398100616442,0.0
2025-03-21 01:45:00,9674.887245367938,169.21078328288604,1.718905914898504,-0.004589755409774576
2025-03-21 01:50:00,9667.19584612781,176.90218252301383,1.7970380019393106,-0.0007949859305915741
2025-03-21 01:55:00,9630.277129775179,213.82089887564507,2.1720720197353636,-0.0038189684930629575
2025-03-21 02:00:00,9642.583368559386,201.5146600914377,2.0470606804700435,0.0012778696415867152
2025-03-21 02:05:00,9641.045088711362,203.0529399394618,2.06268709787819,-0.00015952984684997062
2025-03-21 02:10:00,9681.040364760041,163.05766389078235,1.656400245265844,0.0041484378177538694
2025-03-21 02:15:00,9745.648118377145,98.44991027367905,1.0000907141227648,0.006673637458664228
2025-03-21 02:20:00,9728.727040048854,115.37098860196966,1.1719813056126356,-0.0017362701918596235
2025-03-21 02:25:00,9701.038002784386,143.06002586643808,1.4532568189596247,-0.002846111022591691
2025-03-21 02:30:00,9714.882521416617,129.2155072342066,1.312619062286158,0.00142711724541833
2025-03-21 02:35:00,9687.193484152149,156.90454449867502,1.5938945756331468,-0.002850166968404122
2025-03-21 02:40:00,9699.499722936356,144.59830571446764,1.4688832363678266,0.00127036161756644
2025-03-21 02:45:00,9690.270043848199,153.827984802625,1.5626417408168354,-0.0009515623848446175
2025-03-21 02:50:00,9741.033278833067,103.06474981775682,1.04696996634726,0.005238577950373413
2025-03-21 02:55:00,9722.57392065675,121.52410799407335,1.2344869752452958,-0.001895010277444431
2025-03-21 03:00:00,11651.700077615586,0.0,0.0,0.19841722703287235
2025-03-21 03:05:00,11569.728741831785,81.9713357838009,0.7035139527945657,-0.007035139527945655
2025-03-21 03:10:00,11562.442400873222,89.2576767423634,0.7660485263763258,-0.0006297762999591949
2025-03-21 03:15:00,11546.048133716462,105.65194389912358,0.9067513169352389,-0.0014178896281915598
2025-03-21 03:20:00,11580.658253269623,71.0418243459626,0.6097120924219726,0.0029975727757529658
2025-03-21 03:25:00,11602.517276145305,49.18280147028054,0.4221083716767395,0.0018875458024598668
2025-03-21 03:30:00,11593.409349947104,58.29072766848185,0.5002765886539239,-0.0007849957023488008
2025-03-21 03:35:00,11597.052520426383,54.647557189202416,0.46900930186305945,0.00031424496188403594
2025-03-21 03:40:00,11629.841054739907,21.85902287567842,0.18760372074520193,0.0028273161870890906
2025-03-21 03:45:00,11622.554713781345,29.145363834240925,0.25013829432696194,-0.0006265211127363113
2025-03-21 03:50:00,11602.517276145305,49.18280147028054,0.4221083716767395,-0.001724013190686935
2025-03-21 03:55:00,11611.625202343504,40.074875272081044,0.3439401546995707,0.0007849957023486898
2025-03-21 04:00:00,11668.094344772348,0.0,0.0,0.0048631557981604345
2025-03-21 04:05:00,11704.526049565147,0.0,0.0,0.00312233546595575
2025-03-21 04:10:00,11695.41812336695,9.107926198197674,0.0778154208007086,-0.0007781542080070869
2025-03-21 04:15:00,11691.774952887667,12.751096677480746,0.10894158912102624,-0.00031150408141489283
2025-03-21 04:20:00,13967.714649528541,0.0,0.0,0.19466160662618281
2025-03-21 04:25:00,13948.050097227819,19.66455230072279,0.1407857533901334,-0.00140785753390138
2025-03-21 04:30:00,13969.899599784181,0.0,0.0,0.0015664915457038742
2025-03-21 04:35:00,13941.49524646091,28.404353323270698,0.20332539343167155,-0.0020332539343167477
2025-03-21 04:40:00,13952.419997739093,17.47960204508854,0.12512331903486681,0.0007836140302781569
2025-03-21 04:45:00,13939.310296205276,30.589303578904946,0.21896580831101692,-0.0009396005521580264
2025-03-21 04:50:00,13965.529699272907,4.369900511273954,0.031280829758729714,0.001880968463322752
2025-03-21 04:55:00,13976.45445055109,0.0,0.0,0.0007822654430895692
2025-03-21 05:00:00,13983.00930131799,0.0,0.0,0.00046899238931397136
2025-03-21 05:05:00,16780.6961990781,0.0,0.0,0.20007759685151671
2025-03-21 05:10:00,16764.923853763874,15.772345314224367,0.09399100685161604,-0.0009399100685161255
2025-03-21 05:15:00,16749.151508449646,31.544690628452372,0.18798201370325376,-0.0009407943305801414
2025-03-21 05:20:00,16788.582371735214,0.0,0.0,0.0023542006450700814
2025-03-21 05:25:00,16754.40895688772,34.173414847493405,0.20355152144964192,-0.0020355152144964084
2025-03-21 05:30:00,16817.498338144636,0.0,0.0,0.003765539054183087
2025-03-21 05:35:00,16757.037681106758,60.46065703787826,0.359510408874216,-0.003595104088742196
2025-03-21 05:40:00,16772.810026420986,44.68831172365026,0.2657250848200793,0.0009412370858370434
2025-03-21 05:45:00,16725.4929904783,92.00534766633791,0.5470810569825111,-0.0028210559750067032
2025-03-21 05:50:00,16778.067474859065,39.43086328557183,0.23446331013535263,0.0031433742736728387
2025-03-21 05:55:00,16877.958995182515,0.0,0.0,0.005953696423806276
2025-03-21 06:00:00,16904.246237372896,0.0,0.0,0.0015574893977337023
2025-03-21 06:05:00,16804.354717049446,99.8915203234501,0.5909256107652058,-0.005909256107652028
2025-03-21 06:10:00,16833.270683458868,70.97555391402784,0.41986819712263146,0.0017207424442240438
2025-03-21 06:15:00,16870.0728225254,34.17341484749704,0.20215876157757603,0.002186273823939322
2025-03-21 06:20:00,16901.61751315386,2.6287242190373945,0.015550673967500882,0.0018698609638685415
2025-03-21 06:25:00,16885.845167839627,18.401069533269037,0.10885471777254924,-0.0009331855546935719
2025-03-21 06:30:00,16828.01323502079,76.23300235210627,0.45096954505765474,-0.0034248764124038544
2025-03-21 06:35:00,16883.216443620593,21.029793752302794,0.12440539174002858,0.0032804352973123674
2025-03-21 06:40:00,16828.01323502079,76.23300235210627,0.45096954505765474,-0.0032697092277498285
2025-03-21 06:45:00,16799.097268611367,105.14896876152852,0.6220269587002291,-0.0017183232509733193
2025-03-21 06:50:00,16835.899407677905,68.34682969499045,0.40431752315513053,0.00219072123210462
2025-03-21 06:55:00,16833.270683458868,70.97555391402784,0.41986819712263146,-0.0001561380331031037
2025-03-21 07:00:00,16793.839820173293,110.40641719960331,0.6531283066352308,-0.0023424362399353527
2025-03-21 07:05:00,16780.6961990781,123.55003829479756,0.7308816764727782,-0.0007826453768724484
2025-03-21 07:10:00,16783.32492329714,120.92131407575653,0.7153310025052558,0.00015665167808620595
2025-03-21 07:15:00,16680.804678754652,223.44155861824402,1.3218072872379625,-0.006108458545075135
2025-03-21 07:20:00,16709.72064516407,194.5255922088254,1.1507498735954098,0.001733487500530817
2025-03-21 07:25:00,16764.923853763874,139.32238360902193,0.8241857202777836,0.00330365837778257
2025-03-21 07:30:00,16788.582371735214,115.66386563768174,0.6842296545702541,0.001411191495870101
2025-03-21 07:35:00,16749.151508449646,155.09472892324993,0.9174897640828104,-0.002348671401341984
2025-03-21 07:40:00,16793.839820173293,110.40641719960331,0.6531283066352308,0.002668094064412818
2025-03-21 07:45:00,16828.01323502079,76.23300235210627,0.45096954505765474,0.0020348779798677885
2025-03-21 07:50:00,16825.384510801752,78.86172657114366,0.4665202190251556,-0.0001562112046338271
2025-03-21 07:55:00,16822.75578658271,81.4904507901847,0.482070892992678,-0.00015623561038702327
2025-03-21 08:00:00,20160.06448137952,0.0,0.0,0.1983806183204857
2025-03-21 08:05:00,20109.65900109484,50.40548028468038,0.2500263842471164,-0.002500263842471151
2025-03-21 08:10:00,20185.267221521866,0.0,0.0,0.0037597962463167267
2025-03-21 08:15:00,20317.581607269152,0.0,0.0,0.0065549979742756115
2025-03-21 08:20:00,20251.424414395504,66.15719287364846,0.3256154898375256,-0.003256154898375274
2025-03-21 08:25:00,20257.725099431093,59.85650783805977,0.29460449080536494,0.0003111230551817723
2025-03-21 08:30:00,20390.039485178386,0.0,0.0,0.006531552042386535
2025-03-21 08:35:00,20169.5155089329,220.52397624548757,1.0815279509673705,-0.010815279509673759
2025-03-21 08:40:00,20223.07133173537,166.9681534430165,0.8188711628753167,0.002655285536172336
2025-03-21 08:45:00,20226.221674253167,163.8178109252185,0.8034207635757568,0.00015577962744228735
2025-03-21 08:50:00,20178.966536486278,211.07294869210818,1.0351767530687621,-0.0023363304589429923
2025-03-21 08:55:00,20207.319619146412,182.71986603197365,0.8961231593729555,0.001405081008924336
2025-03-21 09:00:00,20226.221674253167,163.8178109252185,0.8034207635757568,0.0009354063509168231
2025-03-21 09:05:00,20257.725099431093,132.31438574729327,0.6489167705804259,0.0015575536392953282
2025-03-21 09:10:00,20204.16927662861,185.87020854977527,0.9115735586725331,-0.0026437234457281633
2025-03-21 09:15:00,20093.90728850587,296.1321966725154,1.4523375341562006,-0.005457387859558627
2025-03-21 09:20:00,20024.599753114435,365.43973206395094,1.7922463187459288,-0.003449181604967433
2025-03-21 09:25:00,20081.305918434704,308.7335667436819,1.514139131354315,0.0028318251560284224
2025-03-21 09:30:00,20156.914138861728,233.12534631665767,1.143329548165503,0.0037651047563402873
2025-03-21 09:35:00,20251.424414395504,138.61507078288196,0.6798175691795099,0.004688727395606884
2025-03-21 09:40:00,24215.37673480832,0.0,0.0,0.19573696345009117
2025-03-21 09:45:00,24173.649719810917,41.727014997402875,0.17231619170897516,-0.001723161917089766
2025-03-21 09:50:00,24131.922704813514,83.45402999480575,0.3446323834179503,-0.0017261363294763798
2025-03-21 09:55:00,24105.36914981517,110.00758499314907,0.4542881417781908,-0.0011003497451550492
2025-03-21 10:00:00,24158.476259811865,56.90047499645516,0.23497662505767977,0.002203123696908893
2025-03-21 10:05:00,24181.236449810443,34.14028499787673,0.14098597503462287,0.0009421202626276326
2025-03-21 10:10:00,24166.06298981139,49.31374499692902,0.20364640838332745,-0.0006274890049789983
2025-03-21 10:15:00,24021.91511982036,193.46161498795846,0.7989205251961562,-0.005964888449219163
2025-03-21 10:20:00,23771.55302983595,443.82370497236843,1.832817675449977,-0.010422236892254966
2025-03-21 10:25:00,23638.785254844217,576.5914799641032,2.381096467251255,-0.005585153600402015
2025-03-21 10:30:00,23521.190939851538,694.185794956782,2.866714825703813,-0.004974634429177338
2025-03-21 10:35:00,23642.57861984398,572.798114964342,2.3654313589140865,0.0051607794989145805
2025-03-21 10:40:00,23722.239284839023,493.13744996929745,2.0364640838333044,0.00336937295529105
2025-03-21 10:45:00,23801.89994983406,413.4767849742602,1.7074968087525528,0.003358058404121511
2025-03-21 10:50:00,23801.89994983406,413.4767849742602,1.7074968087525528,0.0
2025-03-21 10:55:00,23722.239284839023,493.13744996929745,2.0364640838333044,-0.0033468195884754914
2025-03-21 11:00:00,23741.20610983784,474.1706249704803,1.9581385421474164,0.0007995377152669736
2025-03-21 11:05:00,23752.58620483713,462.79052997118924,1.9111432171358804,0.00047933937924815595
2025-03-21 11:10:00,23680.51226984162,534.8644649667003,2.2087802755422796,-0.003034361579575373
2025-03-21 11:15:00,23551.53785984965,663.8388749586702,2.741393959006374,-0.005446436653155695
2025-03-21 11:20:00,23502.22411485272,713.1526199555992,2.9450403673897014,-0.002093865177313914
2025-03-21 11:25:00,23422.563449857676,792.8132849506437,3.274007642470483,-0.0033894947391256425
2025-03-21 11:30:00,23570.504684848467,644.872049959853,2.6630684173204857,0.006316184618626375
2025-03-21 11:35:00,23540.157764850355,675.2189699579649,2.7883892840179247,-0.0012874955544596167
2025-03-21 11:40:00,23612.23169984587,603.1450349624502,2.4907522256115104,0.00306174392353209
2025-03-21 11:45:00,23703.272459840206,512.1042749681146,2.114789625519193,0.003855660962150065
2025-03-21 11:50:00,23646.371984843743,569.0047499645771,2.3497662505769026,-0.002400532462041527
2025-03-21 11:55:00,23650.16534984351,565.2113849648085,2.334101142239704,0.00016042059230914063
2025-03-21 12:00:00,23638.785254844217,576.5914799641032,2.381096467251255,-0.0004811845850105634
2025-03-21 12:05:00,23710.85918983973,504.5175449685885,2.0834594088448406,0.0030489694888506946
2025-03-21 12:10:00,23726.032649838788,489.34408496953256,2.020798975496121,0.0006399371645526841
2025-03-21 12:15:00,23703.272459840206,512.1042749681146,2.114789625519193,-0.0009592918603159584
2025-03-21 12:20:00,28519.96354791686,0.0,0.0,0.20320785225911075
2025-03-21 12:25:00,28519.96354791686,0.0,0.0,0.0
2025-03-21 12:30:00,28637.280812253597,0.0,0.0,0.004113513824785642
2025-03-21 12:35:00,28804.23230380972,0.0,0.0,0.005829865365034381
2025-03-21 12:40:00,34310.453444734834,0.0,0.0,0.19116014212247712
2025-03-21 12:45:00,34430.40477989039,0.0,0.0,0.003496057997273816
2025-03-21 12:50:00,34212.31144324393,218.09333664645965,0.6334323922146871,-0.006334323922146834
2025-03-21 12:55:00,34239.57311032474,190.831669565654,0.5542533431878564,0.0007968379197655917
2025-03-21 13:00:00,34463.11878038736,0.0,0.0,0.006528868492090334
2025-03-21 13:05:00,34446.76178013888,16.357000248484837,0.04746233314726424,-0.00047462333147263447
2025-03-21 13:10:00,34446.76178013888,16.357000248484837,0.04746233314726424,0.0
2025-03-21 13:15:00,34479.47578063585,0.0,0.0,0.0009496974114946433
2025-03-21 13:20:00,34288.64411107019,190.831669565654,0.5534645328709659,-0.00553464532870962
2025-03-21 13:25:00,34354.072112064125,125.40366857172194,0.363705264458082,0.0019081536377465458
2025-03-21 13:30:00,34114.16944175302,365.3063388828232,1.0594892486387055,-0.006983238246940027
2025-03-21 13:35:00,34223.21611007625,256.25967055959336,0.7432238012838709,0.0031965212727638193
2025-03-21 13:40:00,41206.40619427901,0.0,0.0,0.2040483296994029
2025-03-21 13:45:00,41049.86925810491,156.5369361740959,0.37988495147103873,-0.003798849514710434
2025-03-21 13:50:00,40828.10859852493,378.2975957540766,0.9180552993883715,-0.005402225721734655
2025-03-21 13:55:00,40945.51130065551,260.8948936234956,0.6331415857850704,0.0028755361480257147
2025-03-21 14:00:00,41167.27196023548,39.13423404352943,0.09497123786777292,0.0054159943919522835
2025-03-21 14:05:00,41486.86820492427,0.0,0.0,0.007763357382473579
2025-03-21 14:10:00,41375.987875134284,110.88032978998672,0.26726608825301934,-0.0026726608825301534
2025-03-21 14:15:00,41193.36144959783,293.506755326438,0.7074690571403515,-0.004413826349900951
2025-03-21 14:20:00,40971.60079001786,515.2674149064114,1.2420012336463901,-0.005383407708819954
2025-03-21 14:25:00,40880.28757724963,606.5806276746371,1.462102718090056,-0.0022286952671488613
2025-03-21 14:30:00,40775.929619800234,710.9385851240368,1.7136472717399578,-0.0025527696509521913
2025-03-21 14:35:00,41128.13772619196,358.73047873230826,0.864684403171529,0.008637647496347878
2025-03-21 14:40:00,41225.97331130077,260.89489362350287,0.6288613841247628,0.002378799296971268
2025-03-21 14:45:00,41232.49568364136,254.37252128290856,0.6131398495216274,0.00015821026932072435
2025-03-21 14:50:00,41271.629917684884,215.2382872393864,0.5188106419029209,0.0009491114567448111
2025-03-21 14:55:00,41023.779768742555,463.0884361817152,1.116228956821448,-0.0060053394895394074
2025-03-21 15:00:00,41284.67466236606,202.19354255821236,0.4873675726966854,0.006359601555346872
2025-03-21 15:05:00,41206.40619427901,280.46201064526394,0.676025987934116,-0.001895823782726791
2025-03-21 15:10:00,49517.735637310696,0.0,0.0,0.20169993480736048
2025-03-21 15:15:00,49509.88054837902,7.855088931675709,0.015863182818394155,-0.00015863182818398602
2025-03-21 15:20:00,49721.96794953423,0.0,0.0,0.0042837388982985836
2025-03-21 15:25:00,49643.417060217485,78.55088931674254,0.1579802500908019,-0.0015798025009080563
2025-03-21 15:30:00,49698.40268273921,23.565266795019852,0.047394075027234715,0.001107611558145205
2025-03-21 15:35:00,49604.141615559114,117.82633397511381,0.23697037513620284,-0.0018966619064566537
2025-03-21 15:40:00,49360.63385867721,361.33409085701715,0.7267091504176917,-0.004909020677529963
2025-03-21 15:45:00,49439.184747993946,282.7832015402819,0.5687289003269044,0.0015913671113225725
2025-03-21 15:50:00,49344.92368081387,377.0442687203613,0.7583052004358433,-0.0019066064228314694
2025-03-21 15:55:00,49313.503325087164,408.4646244470641,0.8214973004721758,-0.0006367495049732774
2025-03-21 16:00:00,49054.285390341916,667.6825591923116,1.3428321257718163,-0.005256530509228252
2025-03-21 16:05:00,48669.38603268989,1052.5819168443413,2.116935351216728,-0.007846396183111226
2025-03-21 16:10:00,49172.11172431704,549.8562252171905,1.1058617506355986,0.010329402784935215
2025-03-21 16:15:00,48441.58845367133,1280.3794958629005,2.575078076480065,-0.014856455113040123
2025-03-21 16:20:00,49007.15485675187,714.8130927823586,1.4376202758263001,0.011675224143845808
2025-03-21 16:25:00,49007.15485675187,714.8130927823586,1.4376202758263001,0.0
2025-03-21 16:30:00,49439.184747993946,282.7832015402819,0.5687289003269044,0.008815649317021279
2025-03-21 16:35:00,49321.35841401884,400.6095355153884,0.8056992754630926,-0.002383258028539559
2025-03-21 16:40:00,48912.89378957179,809.074159962438,1.6271965759352394,-0.008281698590259179
2025-03-21 16:45:00,49462.75001478897,259.21793474525475,0.521334825299655,0.011241539451391391
2025-03-21 16:50:00,49674.83741594418,47.13053359004698,0.09478815005448407,0.0042878206547714015
2025-03-21 16:55:00,49855.50446137268,0.0,0.0,0.00363699319065125
2025-03-21 17:00:00,49533.44581517404,322.0586461986386,0.6459841288902511,-0.006459841288902535
2025-03-21 17:05:00,59374.394003210116,0.0,0.0,0.19867279625075884
2025-03-21 17:10:00,59543.97749170974,0.0,0.0,0.0028561721150441866
2025-03-21 17:15:00,59675.875760542775,0.0,0.0,0.0022151403784103074
2025-03-21 17:20:00,59506.29227204315,169.58348849962204,0.2841742770229261,-0.002841742770229305
2025-03-21 17:25:00,59581.66271137631,94.21304916646477,0.1578745983460836,0.001266596127155628
2025-03-21 17:30:00,59807.77402937581,0.0,0.0,0.0037949816723783503
2025-03-21 17:35:00,59666.454455626124,141.31957374968624,0.236289639671716,-0.0023628963967171623
2025-03-21 17:40:00,59393.23661304342,414.53741633239406,0.6931162763703352,-0.004579086273441946
2025-03-21 17:45:00,59025.805721294244,781.9683080815666,1.3074693395167774,-0.0061864096436273774
2025-03-21 17:50:00,59157.70399012728,650.0700392485305,1.0869323424898498,0.0022345865036697
2025-03-21 17:55:00,59091.75485571076,716.0191736650522,1.1972008410033197,-0.0011148021300408928
2025-03-21 18:00:00,59393.23661304342,414.53741633239406,0.6931162763703352,0.0051019259466706934
2025-03-21 18:05:00,59609.926626126246,197.8474032495651,0.33080549554040967,0.003648395430856821
2025-03-21 18:10:00,59694.71837037606,113.05565899975045,0.18903171173737524,0.0014224433588323482
2025-03-21 18:15:00,59638.19054087618,169.5834884996293,0.2835475676060689,-0.0009469485918193188
2025-03-21 18:20:00,59572.241406459674,235.53262291613646,0.39381606611951453,-0.0011058205122991271
2025-03-21 18:25:00,59506.29227204315,301.48175733265816,0.5040845646329845,-0.0011070447050423038
2025-03-21 18:30:00,68101.34241289398,0.0,0.0,0.14443934939782666
2025-03-21 18:35:00,68101.34241289398,0.0,0.0,0.0
2025-03-21 18:40:00,68101.34241289398,0.0,0.0,0.0
2025-03-21 18:45:00,68101.34241289398,0.0,0.0,0.0
2025-03-21 18:50:00,68101.34241289398,0.0,0.0,0.0
2025-03-21 18:55:00,68101.34241289398,0.0,0.0,0.0
2025-03-21 19:00:00,68101.34241289398,0.0,0.0,0.0
2025-03-21 19:05:00,68101.34241289398,0.0,0.0,0.0
2025-03-21 19:10:00,68101.34241289398,0.0,0.0,0.0
2025-03-21 19:15:00,68101.34241289398,0.0,0.0,0.0
2025-03-21 19:20:00,68101.34241289398,0.0,0.0,0.0
2025-03-21 19:25:00,68101.34241289398,0.0,0.0,0.0
2025-03-21 19:30:00,68101.34241289398,0.0,0.0,0.0
2025-03-21 19:35:00,68101.34241289398,0.0,0.0,0.0
2025-03-21 19:40:00,68101.34241289398,0.0,0.0,0.0
2025-03-21 19:45:00,68101.34241289398,0.0,0.0,0.0
2025-03-21 19:50:00,68101.34241289398,0.0,0.0,0.0
2025-03-21 19:55:00,68101.34241289398,0.0,0.0,0.0
2025-03-21 20:00:00,68101.34241289398,0.0,0.0,0.0
2025-03-21 20:05:00,68101.34241289398,0.0,0.0,0.0
2025-03-21 20:10:00,68101.34241289398,0.0,0.0,0.0
2025-03-21 20:15:00,68101.34241289398,0.0,0.0,0.0
2025-03-21 20:20:00,68101.34241289398,0.0,0.0,0.0
2025-03-21 20:25:00,68101.34241289398,0.0,0.0,0.0
2025-03-21 20:30:00,68101.34241289398,0.0,0.0,0.0
2025-03-21 20:35:00,68101.34241289398,0.0,0.0,0.0
2025-03-21 20:40:00,68101.34241289398,0.0,0.0,0.0
2025-03-21 20:45:00,68101.34241289398,0.0,0.0,0.0
2025-03-21 20:50:00,67919.42997912223,181.91243377175124,0.26712018783539987,-0.0026712018783540126
2025-03-21 20:55:00,67876.93102332536,224.41138956861687,0.32952564753867153,-0.0006257260375996943
2025-03-21 21:00:00,67951.30419596987,150.03821692410565,0.22031609305795144,0.0010957061776843968
2025-03-21 21:05:00,67292.57038111836,808.7720317756175,1.1876007184588016,-0.009694204145835661
2025-03-21 21:10:00,67058.82612423557,1042.5162886584149,1.5308307468268494,-0.003473552214738773
2025-03-21 21:15:00,67069.45086318477,1031.8915497092094,1.5152293819010474,0.0001584390834625804
2025-03-21 21:20:00,67409.44250955975,691.8999033342261,1.0159857042747884,0.005069247503882712
2025-03-21 21:25:00,67037.57664633711,1063.7657665568695,1.5620334766785173,-0.005516524827659075
2025-03-21 21:30:00,66527.58917677465,1573.7532361193298,2.3108989931178847,-0.007607486652641771
2025-03-21 21:35:00,66283.2201809426,1818.1222319513763,2.669730386411798,-0.0036731978244802788
2025-03-21 21:40:00,66506.3396988762,1595.0027140177845,2.3421017229695527,0.003366153867064847
2025-03-21 21:45:00,66856.95608420038,1244.3863286935957,1.8272566804174915,0.005271924254314664
2025-03-21 21:50:00,66920.7045178957,1180.6378949982754,1.7336484908625518,0.0009535048771145416
2025-03-21 21:55:00,67101.32508003243,1000.0173328615492,1.4684252871235777,0.0026990236196395845
2025-03-21 22:00:00,67218.19720847382,883.1452044201578,1.2968102729395645,0.00174172608815093
2025-03-21 22:05:00,67749.43415593474,351.90825695924286,0.5167420266485294,0.007903171604161097
2025-03-21 22:10:00,67919.42997912223,181.91243377175124,0.26712018783539987,0.002509184398444164
2025-03-21 22:15:00,67515.68989905193,585.6525138420548,0.8599720550165986,-0.005944397357198206
2025-03-21 22:20:00,67845.0568064777,256.285606416277,0.37632974231614136,0.004878375795585255
2025-03-21 22:25:00,67930.05471807146,171.28769482251664,0.25151882290955524,0.0012528239431828236
2025-03-21 22:30:00,81377.0779547568,0.0,0.0,0.19795395856067244
2025-03-21 22:35:00,80830.1952098652,546.8827448915981,0.6720353674970345,-0.00672035367497037
2025-03-21 22:40:00,80842.91341323475,534.164541522041,0.6564066380203777,0.00015734470684547475
2025-03-21 22:45:00,80855.63161660434,521.4463381524547,0.6407779085436849,0.00015731995338397198
2025-03-21 22:50:00,80982.81365030006,394.2643044567376,0.4844906137769369,0.0015729520770895178
2025-03-21 22:55:00,81135.43209073492,241.64586402187706,0.2969458600568392,0.001884578141405413
2025-03-21 23:00:00,81249.89592106108,127.18203369571711,0.15628729476674805,0.0014107748905329842
2025-03-21 23:05:00,81529.69639519166,0.0,0.0,0.0034437025544304944
2025-03-21 23:10:00,81631.44202214824,0.0,0.0,0.0012479578786042111
2025-03-21 23:15:00,81606.00561540909,25.436406739157974,0.03116006052209217,-0.0003116006052209519
2025-03-21 23:20:00,81542.41459856121,89.02742358703108,0.10906021182729586,-0.0007792443260556947
2025-03-21 23:25:00,81644.16022551781,0.0,0.0,0.0012477632341094669
2025-03-21 23:30:00,81567.85100530037,76.30922021744482,0.09346561959442438,-0.000934656195944239
2025-03-21 23:35:00,81504.2599884525,139.90023706531792,0.17135363592311434,-0.0007796088295097814
2025-03-21 23:40:00,81440.66897160467,203.49125391314737,0.24924165225175082,-0.0007802170936443975
2025-03-21 23:45:00,81402.51436149594,241.64586402187706,0.29597446204897193,-0.0004684957846065041
2025-03-21 23:50:00,81695.03303899609,0.0,0.0,0.0035934845476777166
2025-03-21 23:55:00,81695.03303899609,0.0,0.0,0.0
2025-03-22 00:00:00,81631.44202214824,63.591016847844,0.0778395142058265,-0.0007783951420582413
2025-03-22 00:05:00,97674.73947965346,0.0,0.0,0.1965333094710291
2025-03-22 00:10:00,97842.41593938964,0.0,0.0,0.0017166819244101017
2025-03-22 00:15:00,97537.54964896022,304.86629042941786,0.3115890869030392,-0.0031158908690304132
2025-03-22 00:20:00,97080.25021331605,762.1657260735956,0.77897271725765,-0.0046884449864693645
2025-03-22 00:25:00,97232.68335853076,609.7325808588794,0.623178173806123,0.001570176682484492
2025-03-22 00:30:00,97324.1432456596,518.2726937300467,0.5297014477352038,0.0009406290556805974
2025-03-22 00:35:00,97156.46678592342,685.9491534662229,0.7010754455318717,-0.0017228660242396554
2025-03-22 00:40:00,97156.46678592342,685.9491534662229,0.7010754455318717,0.0
2025-03-22 00:45:00,97385.1165037455,457.29943564413406,0.46738363035456626,0.002353417383177403
2025-03-22 00:50:00,97430.84644730989,411.5694920797541,0.42064526731914376,0.00046957836275351994
2025-03-22 00:55:00,97781.44268130376,60.97325808588357,0.06231781738060784,0.0035984110451454665
2025-03-22 01:00:00,97476.5763908743,365.8395485153451,0.37390690428369167,-0.0031178338350263957
2025-03-22 01:05:00,97369.873189224,472.5427501656377,0.48296308469975163,-0.0010946547940134943
2025-03-22 01:10:00,97491.8197053958,350.59623399384145,0.35832744993850624,0.0012524050014404153
